image_id,label
200001.jpg,normal
200002.jpg,normal
200003.jpg,blast
200004.jpg,blast
200005.jpg,blast
200006.jpg,brown_spot
200007.jpg,bacterial_leaf_blight
200008.jpg,brown_spot
200009.jpg,normal
200010.jpg,normal
200011.jpg,bacterial_leaf_blight
200012.jpg,blast
200013.jpg,normal
200014.jpg,bacterial_leaf_blight
200015.jpg,normal
200016.jpg,blast
200017.jpg,blast
200018.jpg,normal
200019.jpg,bacterial_leaf_blight
200020.jpg,bacterial_leaf_blight
200021.jpg,normal
200022.jpg,normal
200023.jpg,bacterial_leaf_blight
200024.jpg,bacterial_leaf_blight
200025.jpg,blast
200026.jpg,normal
200027.jpg,blast
200028.jpg,brown_spot
200029.jpg,bacterial_leaf_blight
200030.jpg,bacterial_leaf_blight
200031.jpg,blast
200032.jpg,bacterial_leaf_blight
200033.jpg,brown_spot
200034.jpg,brown_spot
200035.jpg,bacterial_leaf_blight
200036.jpg,normal
200037.jpg,bacterial_leaf_blight
200038.jpg,blast
200039.jpg,bacterial_leaf_blight
200040.jpg,normal
200041.jpg,blast
200042.jpg,brown_spot
200043.jpg,bacterial_leaf_blight
200044.jpg,bacterial_leaf_blight
200045.jpg,bacterial_leaf_blight
200046.jpg,bacterial_leaf_blight
200047.jpg,blast
200048.jpg,brown_spot
200049.jpg,bacterial_leaf_blight
200050.jpg,bacterial_leaf_blight
200051.jpg,blast
200052.jpg,blast
200053.jpg,bacterial_leaf_blight
200054.jpg,normal
200055.jpg,normal
200056.jpg,bacterial_leaf_blight
200057.jpg,normal
200058.jpg,blast
200059.jpg,bacterial_leaf_blight
200060.jpg,blast
200061.jpg,blast
200062.jpg,blast
200063.jpg,brown_spot
200064.jpg,normal
200065.jpg,bacterial_leaf_blight
200066.jpg,normal
200067.jpg,brown_spot
200068.jpg,bacterial_leaf_blight
200069.jpg,bacterial_leaf_blight
200070.jpg,bacterial_leaf_blight
200071.jpg,normal
200072.jpg,normal
200073.jpg,normal
200074.jpg,blast
200075.jpg,bacterial_leaf_blight
200076.jpg,brown_spot
200077.jpg,blast
200078.jpg,bacterial_leaf_blight
200079.jpg,bacterial_leaf_blight
200080.jpg,bacterial_leaf_blight
200081.jpg,bacterial_leaf_blight
200082.jpg,normal
200083.jpg,bacterial_leaf_blight
200084.jpg,bacterial_leaf_blight
200085.jpg,bacterial_leaf_blight
200086.jpg,bacterial_leaf_blight
200087.jpg,bacterial_leaf_blight
200088.jpg,normal
200089.jpg,blast
200090.jpg,blast
200091.jpg,bacterial_leaf_blight
200092.jpg,normal
200093.jpg,brown_spot
200094.jpg,normal
200095.jpg,normal
200096.jpg,bacterial_leaf_blight
200097.jpg,blast
200098.jpg,bacterial_leaf_blight
200099.jpg,bacterial_leaf_blight
200100.jpg,bacterial_leaf_blight
200101.jpg,normal
200102.jpg,blast
200103.jpg,brown_spot
200104.jpg,bacterial_leaf_blight
200105.jpg,normal
200106.jpg,blast
200107.jpg,normal
200108.jpg,normal
200109.jpg,normal
200110.jpg,blast
200111.jpg,blast
200112.jpg,brown_spot
200113.jpg,normal
200114.jpg,normal
200115.jpg,bacterial_leaf_blight
200116.jpg,normal
200117.jpg,normal
200118.jpg,bacterial_leaf_blight
200119.jpg,brown_spot
200120.jpg,normal
200121.jpg,bacterial_leaf_blight
200122.jpg,blast
200123.jpg,normal
200124.jpg,blast
200125.jpg,blast
200126.jpg,normal
200127.jpg,blast
200128.jpg,bacterial_leaf_blight
200129.jpg,blast
200130.jpg,bacterial_leaf_blight
200131.jpg,brown_spot
200132.jpg,normal
200133.jpg,normal
200134.jpg,normal
200135.jpg,bacterial_leaf_blight
200136.jpg,brown_spot
200137.jpg,normal
200138.jpg,brown_spot
200139.jpg,blast
200140.jpg,brown_spot
200141.jpg,blast
200142.jpg,bacterial_leaf_blight
200143.jpg,blast
200144.jpg,blast
200145.jpg,blast
200146.jpg,normal
200147.jpg,blast
200148.jpg,blast
200149.jpg,brown_spot
200150.jpg,bacterial_leaf_blight
200151.jpg,bacterial_leaf_blight
200152.jpg,blast
200153.jpg,blast
200154.jpg,blast
200155.jpg,blast
200156.jpg,bacterial_leaf_blight
200157.jpg,brown_spot
200158.jpg,normal
200159.jpg,normal
200160.jpg,bacterial_leaf_blight
200161.jpg,bacterial_leaf_blight
200162.jpg,brown_spot
200163.jpg,bacterial_leaf_blight
200164.jpg,blast
200165.jpg,blast
200166.jpg,blast
200167.jpg,blast
200168.jpg,bacterial_leaf_blight
200169.jpg,bacterial_leaf_blight
200170.jpg,brown_spot
200171.jpg,bacterial_leaf_blight
200172.jpg,blast
200173.jpg,normal
200174.jpg,bacterial_leaf_blight
200175.jpg,bacterial_leaf_blight
200176.jpg,brown_spot
200177.jpg,bacterial_leaf_blight
200178.jpg,bacterial_leaf_blight
200179.jpg,brown_spot
200180.jpg,bacterial_leaf_blight
200181.jpg,bacterial_leaf_blight
200182.jpg,blast
200183.jpg,normal
200184.jpg,blast
200185.jpg,bacterial_leaf_blight
200186.jpg,blast
200187.jpg,brown_spot
200188.jpg,blast
200189.jpg,bacterial_leaf_blight
200190.jpg,blast
200191.jpg,blast
200192.jpg,normal
200193.jpg,normal
200194.jpg,brown_spot
200195.jpg,bacterial_leaf_blight
200196.jpg,bacterial_leaf_blight
200197.jpg,normal
200198.jpg,blast
200199.jpg,brown_spot
200200.jpg,normal
200201.jpg,bacterial_leaf_blight
200202.jpg,normal
200203.jpg,bacterial_leaf_blight
200204.jpg,normal
200205.jpg,bacterial_leaf_blight
200206.jpg,normal
200207.jpg,bacterial_leaf_blight
200208.jpg,brown_spot
200209.jpg,normal
200210.jpg,blast
200211.jpg,bacterial_leaf_blight
200212.jpg,blast
200213.jpg,normal
200214.jpg,bacterial_leaf_blight
200215.jpg,blast
200216.jpg,brown_spot
200217.jpg,bacterial_leaf_blight
200218.jpg,blast
200219.jpg,brown_spot
200220.jpg,blast
200221.jpg,bacterial_leaf_blight
200222.jpg,normal
200223.jpg,bacterial_leaf_blight
200224.jpg,normal
200225.jpg,bacterial_leaf_blight
200226.jpg,normal
200227.jpg,bacterial_leaf_blight
200228.jpg,blast
200229.jpg,normal
200230.jpg,blast
200231.jpg,brown_spot
200232.jpg,normal
200233.jpg,blast
200234.jpg,blast
200235.jpg,normal
200236.jpg,blast
200237.jpg,brown_spot
200238.jpg,blast
200239.jpg,normal
200240.jpg,brown_spot
200241.jpg,normal
200242.jpg,brown_spot
200243.jpg,blast
200244.jpg,normal
200245.jpg,normal
200246.jpg,blast
200247.jpg,bacterial_leaf_blight
200248.jpg,normal
200249.jpg,blast
200250.jpg,blast
200251.jpg,bacterial_leaf_blight
200252.jpg,brown_spot
200253.jpg,blast
200254.jpg,bacterial_leaf_blight
200255.jpg,blast
200256.jpg,blast
200257.jpg,blast
200258.jpg,normal
200259.jpg,bacterial_leaf_blight
200260.jpg,blast
200261.jpg,bacterial_leaf_blight
200262.jpg,brown_spot
200263.jpg,brown_spot
200264.jpg,normal
200265.jpg,normal
200266.jpg,blast
200267.jpg,normal
200268.jpg,normal
200269.jpg,normal
200270.jpg,blast
200271.jpg,bacterial_leaf_blight
200272.jpg,bacterial_leaf_blight
200273.jpg,normal
200274.jpg,blast
200275.jpg,normal
200276.jpg,bacterial_leaf_blight
200277.jpg,normal
200278.jpg,bacterial_leaf_blight
200279.jpg,bacterial_leaf_blight
200280.jpg,normal
200281.jpg,brown_spot
200282.jpg,normal
200283.jpg,normal
200284.jpg,normal
200285.jpg,brown_spot
200286.jpg,normal
200287.jpg,bacterial_leaf_blight
200288.jpg,normal
200289.jpg,blast
200290.jpg,normal
200291.jpg,brown_spot
200292.jpg,normal
200293.jpg,normal
200294.jpg,normal
200295.jpg,bacterial_leaf_blight
200296.jpg,normal
200297.jpg,blast
200298.jpg,blast
200299.jpg,normal
200300.jpg,blast
200301.jpg,brown_spot
200302.jpg,bacterial_leaf_blight
200303.jpg,normal
200304.jpg,bacterial_leaf_blight
200305.jpg,bacterial_leaf_blight
200306.jpg,blast
200307.jpg,blast
200308.jpg,normal
200309.jpg,bacterial_leaf_blight
200310.jpg,bacterial_leaf_blight
200311.jpg,normal
200312.jpg,normal
200313.jpg,normal
200314.jpg,brown_spot
200315.jpg,blast
200316.jpg,blast
200317.jpg,normal
200318.jpg,bacterial_leaf_blight
200319.jpg,normal
200320.jpg,normal
200321.jpg,normal
200322.jpg,bacterial_leaf_blight
200323.jpg,bacterial_leaf_blight
200324.jpg,normal
200325.jpg,blast
200326.jpg,blast
200327.jpg,bacterial_leaf_blight
200328.jpg,normal
200329.jpg,bacterial_leaf_blight
200330.jpg,blast
200331.jpg,bacterial_leaf_blight
200332.jpg,normal
200333.jpg,normal
200334.jpg,brown_spot
200335.jpg,bacterial_leaf_blight
200336.jpg,normal
200337.jpg,normal
200338.jpg,brown_spot
200339.jpg,bacterial_leaf_blight
200340.jpg,bacterial_leaf_blight
200341.jpg,normal
200342.jpg,bacterial_leaf_blight
200343.jpg,blast
200344.jpg,blast
200345.jpg,blast
200346.jpg,brown_spot
200347.jpg,brown_spot
200348.jpg,normal
200349.jpg,brown_spot
200350.jpg,blast
200351.jpg,blast
200352.jpg,blast
200353.jpg,blast
200354.jpg,blast
200355.jpg,blast
200356.jpg,blast
200357.jpg,bacterial_leaf_blight
200358.jpg,bacterial_leaf_blight
200359.jpg,normal
200360.jpg,blast
200361.jpg,brown_spot
200362.jpg,bacterial_leaf_blight
200363.jpg,brown_spot
200364.jpg,bacterial_leaf_blight
200365.jpg,normal
200366.jpg,blast
200367.jpg,normal
200368.jpg,bacterial_leaf_blight
200369.jpg,blast
200370.jpg,blast
200371.jpg,blast
200372.jpg,normal
200373.jpg,normal
200374.jpg,blast
200375.jpg,blast
200376.jpg,brown_spot
200377.jpg,blast
200378.jpg,bacterial_leaf_blight
200379.jpg,blast
200380.jpg,normal
200381.jpg,normal
200382.jpg,normal
200383.jpg,normal
200384.jpg,bacterial_leaf_blight
200385.jpg,normal
200386.jpg,normal
200387.jpg,blast
200388.jpg,normal
200389.jpg,bacterial_leaf_blight
200390.jpg,normal
200391.jpg,brown_spot
200392.jpg,normal
200393.jpg,bacterial_leaf_blight
200394.jpg,normal
200395.jpg,normal
200396.jpg,bacterial_leaf_blight
200397.jpg,blast
200398.jpg,blast
200399.jpg,brown_spot
200400.jpg,normal
200401.jpg,bacterial_leaf_blight
200402.jpg,normal
200403.jpg,normal
200404.jpg,bacterial_leaf_blight
200405.jpg,brown_spot
200406.jpg,blast
200407.jpg,normal
200408.jpg,bacterial_leaf_blight
200409.jpg,bacterial_leaf_blight
200410.jpg,blast
200411.jpg,normal
200412.jpg,bacterial_leaf_blight
200413.jpg,blast
200414.jpg,bacterial_leaf_blight
200415.jpg,bacterial_leaf_blight
200416.jpg,blast
200417.jpg,brown_spot
200418.jpg,normal
200419.jpg,normal
200420.jpg,brown_spot
200421.jpg,blast
200422.jpg,normal
200423.jpg,bacterial_leaf_blight
200424.jpg,bacterial_leaf_blight
200425.jpg,normal
200426.jpg,blast
200427.jpg,brown_spot
200428.jpg,brown_spot
200429.jpg,blast
200430.jpg,blast
200431.jpg,brown_spot
200432.jpg,bacterial_leaf_blight
200433.jpg,blast
200434.jpg,bacterial_leaf_blight
200435.jpg,normal
200436.jpg,normal
200437.jpg,blast
200438.jpg,normal
200439.jpg,brown_spot
200440.jpg,brown_spot
200441.jpg,normal
200442.jpg,bacterial_leaf_blight
200443.jpg,bacterial_leaf_blight
200444.jpg,normal
200445.jpg,bacterial_leaf_blight
200446.jpg,blast
200447.jpg,normal
200448.jpg,blast
200449.jpg,blast
200450.jpg,bacterial_leaf_blight
200451.jpg,bacterial_leaf_blight
200452.jpg,brown_spot
200453.jpg,bacterial_leaf_blight
200454.jpg,blast
200455.jpg,bacterial_leaf_blight
200456.jpg,normal
200457.jpg,normal
200458.jpg,blast
200459.jpg,normal
200460.jpg,brown_spot
200461.jpg,brown_spot
200462.jpg,normal
200463.jpg,blast
200464.jpg,normal
200465.jpg,brown_spot
200466.jpg,brown_spot
200467.jpg,normal
200468.jpg,bacterial_leaf_blight
200469.jpg,blast
200470.jpg,normal
200471.jpg,bacterial_leaf_blight
200472.jpg,normal
200473.jpg,normal
200474.jpg,normal
200475.jpg,brown_spot
200476.jpg,bacterial_leaf_blight
200477.jpg,blast
200478.jpg,blast
200479.jpg,normal
200480.jpg,bacterial_leaf_blight
200481.jpg,normal
200482.jpg,bacterial_leaf_blight
200483.jpg,bacterial_leaf_blight
200484.jpg,brown_spot
200485.jpg,bacterial_leaf_blight
200486.jpg,normal
200487.jpg,bacterial_leaf_blight
200488.jpg,brown_spot
200489.jpg,normal
200490.jpg,normal
200491.jpg,blast
200492.jpg,bacterial_leaf_blight
200493.jpg,bacterial_leaf_blight
200494.jpg,blast
200495.jpg,brown_spot
200496.jpg,bacterial_leaf_blight
200497.jpg,normal
200498.jpg,bacterial_leaf_blight
200499.jpg,blast
200500.jpg,normal
200501.jpg,normal
200502.jpg,normal
200503.jpg,bacterial_leaf_blight
200504.jpg,brown_spot
200505.jpg,normal
200506.jpg,bacterial_leaf_blight
200507.jpg,blast
200508.jpg,bacterial_leaf_blight
200509.jpg,blast
200510.jpg,bacterial_leaf_blight
200511.jpg,blast
200512.jpg,normal
200513.jpg,normal
200514.jpg,blast
200515.jpg,bacterial_leaf_blight
200516.jpg,normal
200517.jpg,normal
200518.jpg,normal
200519.jpg,normal
200520.jpg,bacterial_leaf_blight
200521.jpg,blast
200522.jpg,bacterial_leaf_blight
200523.jpg,normal
200524.jpg,bacterial_leaf_blight
200525.jpg,blast
200526.jpg,brown_spot
200527.jpg,bacterial_leaf_blight
200528.jpg,bacterial_leaf_blight
200529.jpg,brown_spot
200530.jpg,normal
200531.jpg,blast
200532.jpg,normal
200533.jpg,brown_spot
200534.jpg,blast
200535.jpg,blast
200536.jpg,blast
200537.jpg,normal
200538.jpg,normal
200539.jpg,blast
200540.jpg,bacterial_leaf_blight
200541.jpg,bacterial_leaf_blight
200542.jpg,normal
200543.jpg,brown_spot
200544.jpg,normal
200545.jpg,bacterial_leaf_blight
200546.jpg,normal
200547.jpg,bacterial_leaf_blight
200548.jpg,normal
200549.jpg,bacterial_leaf_blight
200550.jpg,brown_spot
200551.jpg,normal
200552.jpg,blast
200553.jpg,bacterial_leaf_blight
200554.jpg,normal
200555.jpg,normal
200556.jpg,bacterial_leaf_blight
200557.jpg,bacterial_leaf_blight
200558.jpg,blast
200559.jpg,normal
200560.jpg,normal
200561.jpg,bacterial_leaf_blight
200562.jpg,blast
200563.jpg,normal
200564.jpg,bacterial_leaf_blight
200565.jpg,blast
200566.jpg,blast
200567.jpg,normal
200568.jpg,bacterial_leaf_blight
200569.jpg,bacterial_leaf_blight
200570.jpg,bacterial_leaf_blight
200571.jpg,bacterial_leaf_blight
200572.jpg,normal
200573.jpg,bacterial_leaf_blight
200574.jpg,normal
200575.jpg,normal
200576.jpg,brown_spot
200577.jpg,brown_spot
200578.jpg,bacterial_leaf_blight
200579.jpg,bacterial_leaf_blight
200580.jpg,bacterial_leaf_blight
200581.jpg,blast
200582.jpg,normal
200583.jpg,brown_spot
200584.jpg,blast
200585.jpg,normal
200586.jpg,normal
200587.jpg,bacterial_leaf_blight
200588.jpg,blast
200589.jpg,normal
200590.jpg,bacterial_leaf_blight
200591.jpg,blast
200592.jpg,normal
200593.jpg,blast
200594.jpg,bacterial_leaf_blight
200595.jpg,brown_spot
200596.jpg,blast
200597.jpg,normal
200598.jpg,bacterial_leaf_blight
200599.jpg,blast
200600.jpg,normal
200601.jpg,bacterial_leaf_blight
200602.jpg,bacterial_leaf_blight
200603.jpg,bacterial_leaf_blight
200604.jpg,normal
200605.jpg,bacterial_leaf_blight
200606.jpg,bacterial_leaf_blight
200607.jpg,normal
200608.jpg,normal
200609.jpg,normal
200610.jpg,blast
200611.jpg,brown_spot
200612.jpg,brown_spot
200613.jpg,normal
200614.jpg,blast
200615.jpg,bacterial_leaf_blight
200616.jpg,brown_spot
200617.jpg,bacterial_leaf_blight
200618.jpg,normal
200619.jpg,bacterial_leaf_blight
200620.jpg,bacterial_leaf_blight
200621.jpg,normal
200622.jpg,bacterial_leaf_blight
200623.jpg,blast
200624.jpg,blast
200625.jpg,normal
200626.jpg,normal
200627.jpg,bacterial_leaf_blight
200628.jpg,bacterial_leaf_blight
200629.jpg,blast
200630.jpg,bacterial_leaf_blight
200631.jpg,bacterial_leaf_blight
200632.jpg,bacterial_leaf_blight
200633.jpg,brown_spot
200634.jpg,normal
200635.jpg,normal
200636.jpg,normal
200637.jpg,blast
200638.jpg,blast
200639.jpg,blast
200640.jpg,bacterial_leaf_blight
200641.jpg,blast
200642.jpg,bacterial_leaf_blight
200643.jpg,normal
200644.jpg,bacterial_leaf_blight
200645.jpg,blast
200646.jpg,blast
200647.jpg,blast
200648.jpg,bacterial_leaf_blight
200649.jpg,bacterial_leaf_blight
200650.jpg,bacterial_leaf_blight
200651.jpg,bacterial_leaf_blight
200652.jpg,brown_spot
200653.jpg,normal
200654.jpg,blast
200655.jpg,brown_spot
200656.jpg,brown_spot
200657.jpg,blast
200658.jpg,blast
200659.jpg,bacterial_leaf_blight
200660.jpg,bacterial_leaf_blight
200661.jpg,bacterial_leaf_blight
200662.jpg,bacterial_leaf_blight
200663.jpg,normal
200664.jpg,brown_spot
200665.jpg,bacterial_leaf_blight
200666.jpg,bacterial_leaf_blight
200667.jpg,blast
200668.jpg,normal
200669.jpg,blast
200670.jpg,normal
200671.jpg,bacterial_leaf_blight
200672.jpg,bacterial_leaf_blight
200673.jpg,normal
200674.jpg,normal
200675.jpg,normal
200676.jpg,blast
200677.jpg,normal
200678.jpg,normal
200679.jpg,blast
200680.jpg,bacterial_leaf_blight
200681.jpg,blast
200682.jpg,normal
200683.jpg,blast
200684.jpg,normal
200685.jpg,blast
200686.jpg,blast
200687.jpg,bacterial_leaf_blight
200688.jpg,bacterial_leaf_blight
200689.jpg,bacterial_leaf_blight
200690.jpg,brown_spot
200691.jpg,bacterial_leaf_blight
200692.jpg,bacterial_leaf_blight
200693.jpg,blast
200694.jpg,brown_spot
200695.jpg,blast
200696.jpg,normal
200697.jpg,blast
200698.jpg,normal
200699.jpg,bacterial_leaf_blight
200700.jpg,bacterial_leaf_blight
200701.jpg,blast
200702.jpg,blast
200703.jpg,normal
200704.jpg,bacterial_leaf_blight
200705.jpg,bacterial_leaf_blight
200706.jpg,bacterial_leaf_blight
200707.jpg,brown_spot
200708.jpg,normal
200709.jpg,bacterial_leaf_blight
200710.jpg,normal
200711.jpg,normal
200712.jpg,normal
200713.jpg,bacterial_leaf_blight
200714.jpg,blast
200715.jpg,bacterial_leaf_blight
200716.jpg,brown_spot
200717.jpg,bacterial_leaf_blight
200718.jpg,normal
200719.jpg,normal
200720.jpg,blast
200721.jpg,normal
200722.jpg,brown_spot
200723.jpg,normal
200724.jpg,bacterial_leaf_blight
200725.jpg,normal
200726.jpg,bacterial_leaf_blight
200727.jpg,blast
200728.jpg,brown_spot
200729.jpg,blast
200730.jpg,bacterial_leaf_blight
200731.jpg,brown_spot
200732.jpg,normal
200733.jpg,blast
200734.jpg,bacterial_leaf_blight
200735.jpg,blast
200736.jpg,blast
200737.jpg,normal
200738.jpg,bacterial_leaf_blight
200739.jpg,blast
200740.jpg,normal
200741.jpg,bacterial_leaf_blight
200742.jpg,bacterial_leaf_blight
200743.jpg,bacterial_leaf_blight
200744.jpg,blast
200745.jpg,brown_spot
200746.jpg,normal
200747.jpg,blast
200748.jpg,blast
200749.jpg,blast
200750.jpg,bacterial_leaf_blight
200751.jpg,bacterial_leaf_blight
200752.jpg,bacterial_leaf_blight
200753.jpg,blast
200754.jpg,brown_spot
200755.jpg,bacterial_leaf_blight
200756.jpg,bacterial_leaf_blight
200757.jpg,normal
200758.jpg,bacterial_leaf_blight
200759.jpg,blast
200760.jpg,bacterial_leaf_blight
200761.jpg,blast
200762.jpg,blast
200763.jpg,normal
200764.jpg,bacterial_leaf_blight
200765.jpg,brown_spot
200766.jpg,normal
200767.jpg,blast
200768.jpg,bacterial_leaf_blight
200769.jpg,normal
200770.jpg,bacterial_leaf_blight
200771.jpg,bacterial_leaf_blight
200772.jpg,bacterial_leaf_blight
200773.jpg,bacterial_leaf_blight
200774.jpg,normal
200775.jpg,blast
200776.jpg,brown_spot
200777.jpg,blast
200778.jpg,normal
200779.jpg,normal
200780.jpg,blast
200781.jpg,bacterial_leaf_blight
200782.jpg,blast
200783.jpg,bacterial_leaf_blight
200784.jpg,blast
200785.jpg,normal
200786.jpg,bacterial_leaf_blight
200787.jpg,brown_spot
200788.jpg,bacterial_leaf_blight
200789.jpg,bacterial_leaf_blight
200790.jpg,normal
200791.jpg,normal
200792.jpg,bacterial_leaf_blight
200793.jpg,brown_spot
200794.jpg,blast
200795.jpg,normal
200796.jpg,normal
200797.jpg,normal
200798.jpg,blast
200799.jpg,bacterial_leaf_blight
200800.jpg,bacterial_leaf_blight
200801.jpg,bacterial_leaf_blight
200802.jpg,blast
200803.jpg,bacterial_leaf_blight
200804.jpg,brown_spot
200805.jpg,normal
200806.jpg,bacterial_leaf_blight
200807.jpg,blast
200808.jpg,bacterial_leaf_blight
200809.jpg,normal
200810.jpg,bacterial_leaf_blight
200811.jpg,bacterial_leaf_blight
200812.jpg,normal
200813.jpg,normal
200814.jpg,normal
200815.jpg,bacterial_leaf_blight
200816.jpg,blast
200817.jpg,brown_spot
200818.jpg,blast
200819.jpg,brown_spot
200820.jpg,brown_spot
200821.jpg,normal
200822.jpg,bacterial_leaf_blight
200823.jpg,bacterial_leaf_blight
200824.jpg,bacterial_leaf_blight
200825.jpg,blast
200826.jpg,bacterial_leaf_blight
200827.jpg,normal
200828.jpg,normal
200829.jpg,blast
200830.jpg,blast
200831.jpg,bacterial_leaf_blight
200832.jpg,bacterial_leaf_blight
200833.jpg,blast
200834.jpg,normal
200835.jpg,normal
200836.jpg,brown_spot
200837.jpg,brown_spot
200838.jpg,blast
200839.jpg,brown_spot
200840.jpg,normal
200841.jpg,normal
200842.jpg,bacterial_leaf_blight
200843.jpg,bacterial_leaf_blight
200844.jpg,normal
200845.jpg,bacterial_leaf_blight
200846.jpg,normal
200847.jpg,bacterial_leaf_blight
200848.jpg,normal
200849.jpg,bacterial_leaf_blight
200850.jpg,bacterial_leaf_blight
200851.jpg,brown_spot
200852.jpg,normal
200853.jpg,bacterial_leaf_blight
200854.jpg,bacterial_leaf_blight
200855.jpg,bacterial_leaf_blight
200856.jpg,blast
200857.jpg,blast
200858.jpg,bacterial_leaf_blight
200859.jpg,blast
200860.jpg,normal
200861.jpg,brown_spot
200862.jpg,normal
200863.jpg,bacterial_leaf_blight
200864.jpg,bacterial_leaf_blight
200865.jpg,bacterial_leaf_blight
200866.jpg,blast
200867.jpg,blast
200868.jpg,normal
200869.jpg,normal
200870.jpg,normal
200871.jpg,bacterial_leaf_blight
200872.jpg,bacterial_leaf_blight
200873.jpg,bacterial_leaf_blight
200874.jpg,bacterial_leaf_blight
200875.jpg,normal
200876.jpg,brown_spot
200877.jpg,bacterial_leaf_blight
200878.jpg,bacterial_leaf_blight
200879.jpg,blast
200880.jpg,bacterial_leaf_blight
200881.jpg,bacterial_leaf_blight
200882.jpg,normal
200883.jpg,bacterial_leaf_blight
200884.jpg,brown_spot
200885.jpg,bacterial_leaf_blight
200886.jpg,blast
200887.jpg,bacterial_leaf_blight
200888.jpg,normal
200889.jpg,bacterial_leaf_blight
200890.jpg,blast
200891.jpg,normal
200892.jpg,normal
200893.jpg,blast
200894.jpg,blast
200895.jpg,blast
200896.jpg,normal
200897.jpg,normal
200898.jpg,blast
200899.jpg,bacterial_leaf_blight
200900.jpg,normal
200901.jpg,normal
200902.jpg,normal
200903.jpg,normal
200904.jpg,bacterial_leaf_blight
200905.jpg,normal
200906.jpg,normal
200907.jpg,normal
200908.jpg,normal
200909.jpg,brown_spot
200910.jpg,bacterial_leaf_blight
200911.jpg,blast
200912.jpg,bacterial_leaf_blight
200913.jpg,normal
200914.jpg,bacterial_leaf_blight
200915.jpg,normal
200916.jpg,brown_spot
200917.jpg,bacterial_leaf_blight
200918.jpg,normal
200919.jpg,bacterial_leaf_blight
200920.jpg,blast
200921.jpg,normal
200922.jpg,blast
200923.jpg,normal
200924.jpg,normal
200925.jpg,blast
200926.jpg,blast
200927.jpg,bacterial_leaf_blight
200928.jpg,normal
200929.jpg,brown_spot
200930.jpg,blast
200931.jpg,bacterial_leaf_blight
200932.jpg,bacterial_leaf_blight
200933.jpg,bacterial_leaf_blight
200934.jpg,blast
200935.jpg,brown_spot
200936.jpg,blast
200937.jpg,normal
200938.jpg,blast
200939.jpg,blast
200940.jpg,normal
200941.jpg,blast
200942.jpg,normal
200943.jpg,normal
200944.jpg,bacterial_leaf_blight
200945.jpg,bacterial_leaf_blight
200946.jpg,brown_spot
200947.jpg,blast
200948.jpg,blast
200949.jpg,brown_spot
200950.jpg,blast
200951.jpg,normal
200952.jpg,bacterial_leaf_blight
200953.jpg,brown_spot
200954.jpg,normal
200955.jpg,normal
200956.jpg,brown_spot
200957.jpg,bacterial_leaf_blight
200958.jpg,blast
200959.jpg,blast
200960.jpg,bacterial_leaf_blight
200961.jpg,blast
200962.jpg,bacterial_leaf_blight
200963.jpg,blast
200964.jpg,blast
200965.jpg,bacterial_leaf_blight
200966.jpg,bacterial_leaf_blight
200967.jpg,bacterial_leaf_blight
200968.jpg,blast
200969.jpg,blast
200970.jpg,bacterial_leaf_blight
200971.jpg,bacterial_leaf_blight
200972.jpg,bacterial_leaf_blight
200973.jpg,bacterial_leaf_blight
200974.jpg,normal
200975.jpg,blast
200976.jpg,normal
200977.jpg,normal
200978.jpg,bacterial_leaf_blight
200979.jpg,normal
200980.jpg,blast
200981.jpg,bacterial_leaf_blight
200982.jpg,bacterial_leaf_blight
200983.jpg,bacterial_leaf_blight
200984.jpg,bacterial_leaf_blight
200985.jpg,bacterial_leaf_blight
200986.jpg,brown_spot
200987.jpg,brown_spot
200988.jpg,brown_spot
200989.jpg,brown_spot
200990.jpg,blast
200991.jpg,blast
200992.jpg,normal
200993.jpg,bacterial_leaf_blight
200994.jpg,normal
200995.jpg,brown_spot
200996.jpg,normal
200997.jpg,bacterial_leaf_blight
200998.jpg,bacterial_leaf_blight
200999.jpg,blast
201000.jpg,bacterial_leaf_blight
201001.jpg,normal
201002.jpg,blast
201003.jpg,bacterial_leaf_blight
201004.jpg,normal
201005.jpg,bacterial_leaf_blight
201006.jpg,normal
201007.jpg,normal
201008.jpg,bacterial_leaf_blight
201009.jpg,brown_spot
201010.jpg,blast
201011.jpg,normal
201012.jpg,normal
201013.jpg,normal
201014.jpg,bacterial_leaf_blight
201015.jpg,normal
201016.jpg,bacterial_leaf_blight
201017.jpg,blast
201018.jpg,brown_spot
201019.jpg,normal
201020.jpg,bacterial_leaf_blight
201021.jpg,normal
201022.jpg,bacterial_leaf_blight
201023.jpg,bacterial_leaf_blight
201024.jpg,blast
201025.jpg,blast
201026.jpg,brown_spot
201027.jpg,normal
201028.jpg,blast
201029.jpg,normal
201030.jpg,normal
201031.jpg,bacterial_leaf_blight
201032.jpg,normal
201033.jpg,normal
201034.jpg,bacterial_leaf_blight
201035.jpg,blast
201036.jpg,normal
201037.jpg,normal
201038.jpg,brown_spot
201039.jpg,bacterial_leaf_blight
201040.jpg,brown_spot
201041.jpg,bacterial_leaf_blight
201042.jpg,blast
201043.jpg,blast
201044.jpg,normal
201045.jpg,normal
201046.jpg,blast
201047.jpg,blast
201048.jpg,bacterial_leaf_blight
201049.jpg,blast
201050.jpg,normal
201051.jpg,brown_spot
201052.jpg,brown_spot
201053.jpg,normal
201054.jpg,blast
201055.jpg,brown_spot
201056.jpg,bacterial_leaf_blight
201057.jpg,normal
201058.jpg,normal
201059.jpg,bacterial_leaf_blight
201060.jpg,bacterial_leaf_blight
201061.jpg,bacterial_leaf_blight
201062.jpg,normal
201063.jpg,normal
201064.jpg,normal
201065.jpg,blast
201066.jpg,bacterial_leaf_blight
201067.jpg,normal
201068.jpg,blast
201069.jpg,normal
201070.jpg,normal
201071.jpg,bacterial_leaf_blight
201072.jpg,blast
201073.jpg,brown_spot
201074.jpg,normal
201075.jpg,bacterial_leaf_blight
201076.jpg,bacterial_leaf_blight
201077.jpg,blast
201078.jpg,bacterial_leaf_blight
201079.jpg,bacterial_leaf_blight
201080.jpg,blast
201081.jpg,brown_spot
201082.jpg,bacterial_leaf_blight
201083.jpg,blast
201084.jpg,normal
201085.jpg,blast
201086.jpg,blast
201087.jpg,bacterial_leaf_blight
201088.jpg,blast
201089.jpg,brown_spot
201090.jpg,normal
201091.jpg,normal
201092.jpg,bacterial_leaf_blight
201093.jpg,normal
201094.jpg,blast
201095.jpg,blast
201096.jpg,bacterial_leaf_blight
201097.jpg,blast
201098.jpg,normal
201099.jpg,brown_spot
201100.jpg,blast
201101.jpg,bacterial_leaf_blight
201102.jpg,bacterial_leaf_blight
201103.jpg,blast
201104.jpg,brown_spot
201105.jpg,brown_spot
201106.jpg,bacterial_leaf_blight
201107.jpg,bacterial_leaf_blight
201108.jpg,blast
201109.jpg,brown_spot
201110.jpg,normal
201111.jpg,blast
201112.jpg,brown_spot
201113.jpg,normal
201114.jpg,brown_spot
201115.jpg,normal
201116.jpg,normal
201117.jpg,brown_spot
201118.jpg,blast
201119.jpg,blast
201120.jpg,blast
201121.jpg,bacterial_leaf_blight
201122.jpg,normal
201123.jpg,bacterial_leaf_blight
201124.jpg,normal
201125.jpg,bacterial_leaf_blight
201126.jpg,bacterial_leaf_blight
201127.jpg,normal
201128.jpg,bacterial_leaf_blight
201129.jpg,blast
201130.jpg,normal
201131.jpg,brown_spot
201132.jpg,brown_spot
201133.jpg,brown_spot
201134.jpg,bacterial_leaf_blight
201135.jpg,blast
201136.jpg,bacterial_leaf_blight
201137.jpg,brown_spot
201138.jpg,bacterial_leaf_blight
201139.jpg,brown_spot
201140.jpg,normal
201141.jpg,brown_spot
201142.jpg,normal
201143.jpg,bacterial_leaf_blight
201144.jpg,bacterial_leaf_blight
201145.jpg,blast
201146.jpg,normal
201147.jpg,bacterial_leaf_blight
201148.jpg,bacterial_leaf_blight
201149.jpg,bacterial_leaf_blight
201150.jpg,normal
201151.jpg,blast
201152.jpg,brown_spot
201153.jpg,brown_spot
201154.jpg,bacterial_leaf_blight
201155.jpg,bacterial_leaf_blight
201156.jpg,bacterial_leaf_blight
201157.jpg,blast
201158.jpg,normal
201159.jpg,normal
201160.jpg,blast
201161.jpg,blast
201162.jpg,normal
201163.jpg,normal
201164.jpg,blast
201165.jpg,blast
201166.jpg,bacterial_leaf_blight
201167.jpg,blast
201168.jpg,bacterial_leaf_blight
201169.jpg,bacterial_leaf_blight
201170.jpg,normal
201171.jpg,blast
201172.jpg,normal
201173.jpg,blast
201174.jpg,normal
201175.jpg,bacterial_leaf_blight
201176.jpg,normal
201177.jpg,normal
201178.jpg,blast
201179.jpg,blast
201180.jpg,brown_spot
201181.jpg,blast
201182.jpg,normal
201183.jpg,blast
201184.jpg,blast
201185.jpg,normal
201186.jpg,bacterial_leaf_blight
201187.jpg,normal
201188.jpg,blast
201189.jpg,brown_spot
201190.jpg,blast
201191.jpg,blast
201192.jpg,blast
201193.jpg,blast
201194.jpg,normal
201195.jpg,normal
201196.jpg,normal
201197.jpg,bacterial_leaf_blight
201198.jpg,bacterial_leaf_blight
201199.jpg,blast
201200.jpg,normal
201201.jpg,bacterial_leaf_blight
201202.jpg,normal
201203.jpg,normal
201204.jpg,blast
201205.jpg,blast
201206.jpg,normal
201207.jpg,bacterial_leaf_blight
201208.jpg,normal
201209.jpg,blast
201210.jpg,normal
201211.jpg,bacterial_leaf_blight
201212.jpg,normal
201213.jpg,bacterial_leaf_blight
201214.jpg,brown_spot
201215.jpg,normal
201216.jpg,normal
201217.jpg,blast
201218.jpg,blast
201219.jpg,blast
201220.jpg,bacterial_leaf_blight
201221.jpg,brown_spot
201222.jpg,brown_spot
201223.jpg,bacterial_leaf_blight
201224.jpg,normal
201225.jpg,blast
201226.jpg,normal
201227.jpg,normal
201228.jpg,blast
201229.jpg,blast
201230.jpg,brown_spot
201231.jpg,bacterial_leaf_blight
201232.jpg,bacterial_leaf_blight
201233.jpg,blast
201234.jpg,normal
201235.jpg,normal
201236.jpg,normal
201237.jpg,bacterial_leaf_blight
201238.jpg,bacterial_leaf_blight
201239.jpg,bacterial_leaf_blight
201240.jpg,bacterial_leaf_blight
201241.jpg,bacterial_leaf_blight
201242.jpg,normal
201243.jpg,normal
201244.jpg,normal
201245.jpg,blast
201246.jpg,bacterial_leaf_blight
201247.jpg,blast
201248.jpg,bacterial_leaf_blight
201249.jpg,normal
201250.jpg,bacterial_leaf_blight
201251.jpg,blast
201252.jpg,blast
201253.jpg,normal
201254.jpg,bacterial_leaf_blight
201255.jpg,blast
201256.jpg,bacterial_leaf_blight
201257.jpg,bacterial_leaf_blight
201258.jpg,normal
201259.jpg,normal
201260.jpg,normal
201261.jpg,brown_spot
201262.jpg,brown_spot
201263.jpg,bacterial_leaf_blight
201264.jpg,blast
201265.jpg,blast
201266.jpg,normal
201267.jpg,blast
201268.jpg,normal
201269.jpg,bacterial_leaf_blight
201270.jpg,bacterial_leaf_blight
201271.jpg,blast
201272.jpg,normal
201273.jpg,blast
201274.jpg,blast
201275.jpg,bacterial_leaf_blight
201276.jpg,blast
201277.jpg,bacterial_leaf_blight
201278.jpg,normal
201279.jpg,brown_spot
201280.jpg,normal
201281.jpg,blast
201282.jpg,bacterial_leaf_blight
201283.jpg,bacterial_leaf_blight
201284.jpg,brown_spot
201285.jpg,bacterial_leaf_blight
201286.jpg,bacterial_leaf_blight
201287.jpg,brown_spot
201288.jpg,normal
201289.jpg,bacterial_leaf_blight
201290.jpg,bacterial_leaf_blight
201291.jpg,bacterial_leaf_blight
201292.jpg,normal
201293.jpg,bacterial_leaf_blight
201294.jpg,normal
201295.jpg,bacterial_leaf_blight
201296.jpg,bacterial_leaf_blight
201297.jpg,bacterial_leaf_blight
201298.jpg,blast
201299.jpg,blast
201300.jpg,bacterial_leaf_blight
201301.jpg,normal
201302.jpg,brown_spot
201303.jpg,blast
201304.jpg,bacterial_leaf_blight
201305.jpg,bacterial_leaf_blight
201306.jpg,normal
201307.jpg,blast
201308.jpg,brown_spot
201309.jpg,normal
201310.jpg,blast
201311.jpg,blast
201312.jpg,bacterial_leaf_blight
201313.jpg,blast
201314.jpg,brown_spot
201315.jpg,brown_spot
201316.jpg,blast
201317.jpg,bacterial_leaf_blight
201318.jpg,blast
201319.jpg,bacterial_leaf_blight
201320.jpg,normal
201321.jpg,bacterial_leaf_blight
201322.jpg,normal
201323.jpg,blast
201324.jpg,bacterial_leaf_blight
201325.jpg,brown_spot
201326.jpg,normal
201327.jpg,bacterial_leaf_blight
201328.jpg,blast
201329.jpg,brown_spot
201330.jpg,bacterial_leaf_blight
201331.jpg,bacterial_leaf_blight
201332.jpg,brown_spot
201333.jpg,brown_spot
201334.jpg,bacterial_leaf_blight
201335.jpg,blast
201336.jpg,normal
201337.jpg,blast
201338.jpg,bacterial_leaf_blight
201339.jpg,normal
201340.jpg,blast
201341.jpg,bacterial_leaf_blight
201342.jpg,normal
201343.jpg,bacterial_leaf_blight
201344.jpg,bacterial_leaf_blight
201345.jpg,blast
201346.jpg,brown_spot
201347.jpg,normal
201348.jpg,normal
201349.jpg,blast
201350.jpg,bacterial_leaf_blight
201351.jpg,normal
201352.jpg,normal
201353.jpg,blast
201354.jpg,normal
201355.jpg,blast
201356.jpg,bacterial_leaf_blight
201357.jpg,bacterial_leaf_blight
201358.jpg,brown_spot
201359.jpg,normal
201360.jpg,normal
201361.jpg,normal
201362.jpg,bacterial_leaf_blight
201363.jpg,brown_spot
201364.jpg,bacterial_leaf_blight
201365.jpg,blast
201366.jpg,normal
201367.jpg,blast
201368.jpg,normal
201369.jpg,brown_spot
201370.jpg,bacterial_leaf_blight
201371.jpg,blast
201372.jpg,blast
201373.jpg,bacterial_leaf_blight
201374.jpg,blast
201375.jpg,normal
201376.jpg,blast
201377.jpg,blast
201378.jpg,brown_spot
201379.jpg,normal
201380.jpg,normal
201381.jpg,blast
201382.jpg,blast
201383.jpg,blast
201384.jpg,normal
201385.jpg,blast
201386.jpg,blast
201387.jpg,normal
201388.jpg,bacterial_leaf_blight
201389.jpg,blast
201390.jpg,normal
201391.jpg,brown_spot
201392.jpg,normal
201393.jpg,blast
201394.jpg,bacterial_leaf_blight
201395.jpg,normal
201396.jpg,normal
201397.jpg,normal
201398.jpg,brown_spot
201399.jpg,bacterial_leaf_blight
201400.jpg,normal
201401.jpg,bacterial_leaf_blight
201402.jpg,bacterial_leaf_blight
201403.jpg,blast
201404.jpg,normal
201405.jpg,bacterial_leaf_blight
201406.jpg,normal
201407.jpg,brown_spot
201408.jpg,brown_spot
201409.jpg,bacterial_leaf_blight
201410.jpg,brown_spot
201411.jpg,bacterial_leaf_blight
201412.jpg,bacterial_leaf_blight
201413.jpg,bacterial_leaf_blight
201414.jpg,brown_spot
201415.jpg,normal
201416.jpg,bacterial_leaf_blight
201417.jpg,normal
201418.jpg,bacterial_leaf_blight
201419.jpg,blast
201420.jpg,bacterial_leaf_blight
201421.jpg,blast
201422.jpg,normal
201423.jpg,blast
201424.jpg,blast
201425.jpg,bacterial_leaf_blight
201426.jpg,bacterial_leaf_blight
201427.jpg,blast
201428.jpg,normal
201429.jpg,normal
201430.jpg,brown_spot
201431.jpg,normal
201432.jpg,normal
201433.jpg,bacterial_leaf_blight
201434.jpg,normal
201435.jpg,bacterial_leaf_blight
201436.jpg,normal
201437.jpg,bacterial_leaf_blight
201438.jpg,blast
201439.jpg,normal
201440.jpg,brown_spot
201441.jpg,bacterial_leaf_blight
201442.jpg,normal
201443.jpg,bacterial_leaf_blight
201444.jpg,brown_spot
201445.jpg,blast
201446.jpg,bacterial_leaf_blight
201447.jpg,normal
201448.jpg,blast
201449.jpg,normal
201450.jpg,normal
201451.jpg,bacterial_leaf_blight
201452.jpg,brown_spot
201453.jpg,normal
201454.jpg,blast
201455.jpg,bacterial_leaf_blight
201456.jpg,brown_spot
201457.jpg,brown_spot
201458.jpg,normal
201459.jpg,blast
201460.jpg,blast
201461.jpg,bacterial_leaf_blight
201462.jpg,bacterial_leaf_blight
201463.jpg,blast
201464.jpg,bacterial_leaf_blight
201465.jpg,normal
201466.jpg,normal
201467.jpg,normal
201468.jpg,brown_spot
201469.jpg,blast
201470.jpg,blast
201471.jpg,bacterial_leaf_blight
201472.jpg,normal
201473.jpg,blast
201474.jpg,normal
201475.jpg,normal
201476.jpg,bacterial_leaf_blight
201477.jpg,bacterial_leaf_blight
201478.jpg,bacterial_leaf_blight
201479.jpg,bacterial_leaf_blight
201480.jpg,blast
201481.jpg,bacterial_leaf_blight
201482.jpg,blast
201483.jpg,normal
201484.jpg,bacterial_leaf_blight
201485.jpg,bacterial_leaf_blight
201486.jpg,bacterial_leaf_blight
201487.jpg,blast
201488.jpg,blast
201489.jpg,normal
201490.jpg,normal
201491.jpg,blast
201492.jpg,bacterial_leaf_blight
201493.jpg,blast
201494.jpg,bacterial_leaf_blight
201495.jpg,bacterial_leaf_blight
201496.jpg,normal
201497.jpg,bacterial_leaf_blight
201498.jpg,normal
201499.jpg,normal
201500.jpg,normal
201501.jpg,bacterial_leaf_blight
201502.jpg,bacterial_leaf_blight
201503.jpg,blast
201504.jpg,blast
201505.jpg,bacterial_leaf_blight
201506.jpg,bacterial_leaf_blight
201507.jpg,blast
201508.jpg,normal
201509.jpg,bacterial_leaf_blight
201510.jpg,blast
201511.jpg,brown_spot
201512.jpg,bacterial_leaf_blight
201513.jpg,brown_spot
201514.jpg,blast
201515.jpg,brown_spot
201516.jpg,blast
201517.jpg,blast
201518.jpg,bacterial_leaf_blight
201519.jpg,brown_spot
201520.jpg,bacterial_leaf_blight
201521.jpg,brown_spot
201522.jpg,bacterial_leaf_blight
201523.jpg,normal
201524.jpg,brown_spot
201525.jpg,normal
201526.jpg,bacterial_leaf_blight
201527.jpg,normal
201528.jpg,normal
201529.jpg,normal
201530.jpg,normal
201531.jpg,normal
201532.jpg,blast
201533.jpg,bacterial_leaf_blight
201534.jpg,bacterial_leaf_blight
201535.jpg,blast
201536.jpg,blast
201537.jpg,brown_spot
201538.jpg,brown_spot
201539.jpg,bacterial_leaf_blight
201540.jpg,normal
201541.jpg,brown_spot
201542.jpg,brown_spot
201543.jpg,normal
201544.jpg,bacterial_leaf_blight
201545.jpg,normal
201546.jpg,brown_spot
201547.jpg,normal
201548.jpg,bacterial_leaf_blight
201549.jpg,brown_spot
201550.jpg,blast
201551.jpg,blast
201552.jpg,blast
201553.jpg,blast
201554.jpg,bacterial_leaf_blight
201555.jpg,blast
201556.jpg,blast
201557.jpg,bacterial_leaf_blight
201558.jpg,normal
201559.jpg,blast
201560.jpg,blast
201561.jpg,normal
201562.jpg,bacterial_leaf_blight
201563.jpg,normal
201564.jpg,brown_spot
201565.jpg,normal
201566.jpg,blast
201567.jpg,bacterial_leaf_blight
201568.jpg,normal
201569.jpg,normal
201570.jpg,normal
201571.jpg,bacterial_leaf_blight
201572.jpg,bacterial_leaf_blight
201573.jpg,normal
201574.jpg,bacterial_leaf_blight
201575.jpg,brown_spot
201576.jpg,brown_spot
201577.jpg,blast
201578.jpg,normal
201579.jpg,brown_spot
201580.jpg,bacterial_leaf_blight
201581.jpg,bacterial_leaf_blight
201582.jpg,normal
201583.jpg,brown_spot
201584.jpg,bacterial_leaf_blight
201585.jpg,bacterial_leaf_blight
201586.jpg,bacterial_leaf_blight
201587.jpg,brown_spot
201588.jpg,blast
201589.jpg,bacterial_leaf_blight
201590.jpg,brown_spot
201591.jpg,bacterial_leaf_blight
201592.jpg,bacterial_leaf_blight
201593.jpg,bacterial_leaf_blight
201594.jpg,brown_spot
201595.jpg,blast
201596.jpg,normal
201597.jpg,normal
201598.jpg,brown_spot
201599.jpg,bacterial_leaf_blight
201600.jpg,normal
201601.jpg,bacterial_leaf_blight
201602.jpg,bacterial_leaf_blight
201603.jpg,blast
201604.jpg,blast
201605.jpg,normal
201606.jpg,blast
201607.jpg,blast
201608.jpg,normal
201609.jpg,bacterial_leaf_blight
201610.jpg,normal
201611.jpg,normal
201612.jpg,bacterial_leaf_blight
201613.jpg,blast
201614.jpg,normal
201615.jpg,normal
201616.jpg,bacterial_leaf_blight
201617.jpg,blast
201618.jpg,blast
201619.jpg,normal
201620.jpg,blast
201621.jpg,bacterial_leaf_blight
201622.jpg,normal
201623.jpg,bacterial_leaf_blight
201624.jpg,blast
201625.jpg,bacterial_leaf_blight
201626.jpg,blast
201627.jpg,normal
201628.jpg,brown_spot
201629.jpg,bacterial_leaf_blight
201630.jpg,brown_spot
201631.jpg,normal
201632.jpg,normal
201633.jpg,normal
201634.jpg,bacterial_leaf_blight
201635.jpg,blast
201636.jpg,brown_spot
201637.jpg,blast
201638.jpg,bacterial_leaf_blight
201639.jpg,brown_spot
201640.jpg,bacterial_leaf_blight
201641.jpg,blast
201642.jpg,normal
201643.jpg,normal
201644.jpg,normal
201645.jpg,bacterial_leaf_blight
201646.jpg,normal
201647.jpg,brown_spot
201648.jpg,brown_spot
201649.jpg,blast
201650.jpg,bacterial_leaf_blight
201651.jpg,bacterial_leaf_blight
201652.jpg,normal
201653.jpg,brown_spot
201654.jpg,blast
201655.jpg,blast
201656.jpg,bacterial_leaf_blight
201657.jpg,normal
201658.jpg,normal
201659.jpg,normal
201660.jpg,normal
201661.jpg,blast
201662.jpg,normal
201663.jpg,bacterial_leaf_blight
201664.jpg,blast
201665.jpg,normal
201666.jpg,bacterial_leaf_blight
201667.jpg,normal
201668.jpg,normal
201669.jpg,brown_spot
201670.jpg,blast
201671.jpg,normal
201672.jpg,normal
201673.jpg,blast
201674.jpg,brown_spot
201675.jpg,normal
201676.jpg,bacterial_leaf_blight
201677.jpg,normal
201678.jpg,normal
201679.jpg,normal
201680.jpg,brown_spot
201681.jpg,normal
201682.jpg,blast
201683.jpg,normal
201684.jpg,bacterial_leaf_blight
201685.jpg,normal
201686.jpg,blast
201687.jpg,bacterial_leaf_blight
201688.jpg,bacterial_leaf_blight
201689.jpg,normal
201690.jpg,brown_spot
201691.jpg,normal
201692.jpg,bacterial_leaf_blight
201693.jpg,bacterial_leaf_blight
201694.jpg,blast
201695.jpg,bacterial_leaf_blight
201696.jpg,normal
201697.jpg,blast
201698.jpg,normal
201699.jpg,blast
201700.jpg,bacterial_leaf_blight
201701.jpg,blast
201702.jpg,bacterial_leaf_blight
201703.jpg,blast
201704.jpg,normal
201705.jpg,bacterial_leaf_blight
201706.jpg,brown_spot
201707.jpg,blast
201708.jpg,bacterial_leaf_blight
201709.jpg,bacterial_leaf_blight
201710.jpg,blast
201711.jpg,brown_spot
201712.jpg,bacterial_leaf_blight
201713.jpg,bacterial_leaf_blight
201714.jpg,brown_spot
201715.jpg,bacterial_leaf_blight
201716.jpg,brown_spot
201717.jpg,bacterial_leaf_blight
201718.jpg,bacterial_leaf_blight
201719.jpg,bacterial_leaf_blight
201720.jpg,blast
201721.jpg,bacterial_leaf_blight
201722.jpg,blast
201723.jpg,blast
201724.jpg,blast
201725.jpg,blast
201726.jpg,bacterial_leaf_blight
201727.jpg,brown_spot
201728.jpg,blast
201729.jpg,bacterial_leaf_blight
201730.jpg,blast
201731.jpg,blast
201732.jpg,normal
201733.jpg,blast
201734.jpg,blast
201735.jpg,bacterial_leaf_blight
201736.jpg,bacterial_leaf_blight
201737.jpg,normal
201738.jpg,normal
201739.jpg,bacterial_leaf_blight
201740.jpg,normal
201741.jpg,bacterial_leaf_blight
201742.jpg,brown_spot
201743.jpg,bacterial_leaf_blight
201744.jpg,brown_spot
201745.jpg,normal
201746.jpg,normal
201747.jpg,bacterial_leaf_blight
201748.jpg,normal
201749.jpg,brown_spot
201750.jpg,bacterial_leaf_blight
201751.jpg,normal
201752.jpg,normal
201753.jpg,normal
201754.jpg,normal
201755.jpg,bacterial_leaf_blight
201756.jpg,bacterial_leaf_blight
201757.jpg,bacterial_leaf_blight
201758.jpg,bacterial_leaf_blight
201759.jpg,bacterial_leaf_blight
201760.jpg,bacterial_leaf_blight
201761.jpg,blast
201762.jpg,bacterial_leaf_blight
201763.jpg,normal
201764.jpg,brown_spot
201765.jpg,blast
201766.jpg,blast
201767.jpg,bacterial_leaf_blight
201768.jpg,bacterial_leaf_blight
201769.jpg,bacterial_leaf_blight
201770.jpg,bacterial_leaf_blight
201771.jpg,bacterial_leaf_blight
201772.jpg,bacterial_leaf_blight
201773.jpg,normal
201774.jpg,brown_spot
201775.jpg,bacterial_leaf_blight
201776.jpg,bacterial_leaf_blight
201777.jpg,bacterial_leaf_blight
201778.jpg,normal
201779.jpg,brown_spot
201780.jpg,normal
201781.jpg,bacterial_leaf_blight
201782.jpg,normal
201783.jpg,normal
201784.jpg,normal
201785.jpg,normal
201786.jpg,blast
201787.jpg,blast
201788.jpg,blast
201789.jpg,blast
201790.jpg,bacterial_leaf_blight
201791.jpg,normal
201792.jpg,blast
201793.jpg,bacterial_leaf_blight
201794.jpg,normal
201795.jpg,blast
201796.jpg,bacterial_leaf_blight
201797.jpg,bacterial_leaf_blight
201798.jpg,normal
201799.jpg,normal
201800.jpg,bacterial_leaf_blight
201801.jpg,blast
201802.jpg,bacterial_leaf_blight
201803.jpg,bacterial_leaf_blight
201804.jpg,bacterial_leaf_blight
201805.jpg,blast
201806.jpg,blast
201807.jpg,blast
201808.jpg,bacterial_leaf_blight
201809.jpg,blast
201810.jpg,normal
201811.jpg,brown_spot
201812.jpg,bacterial_leaf_blight
201813.jpg,normal
201814.jpg,bacterial_leaf_blight
201815.jpg,blast
201816.jpg,bacterial_leaf_blight
201817.jpg,bacterial_leaf_blight
201818.jpg,blast
201819.jpg,normal
201820.jpg,blast
201821.jpg,bacterial_leaf_blight
201822.jpg,brown_spot
201823.jpg,blast
201824.jpg,bacterial_leaf_blight
201825.jpg,normal
201826.jpg,bacterial_leaf_blight
201827.jpg,normal
201828.jpg,blast
201829.jpg,blast
201830.jpg,bacterial_leaf_blight
201831.jpg,bacterial_leaf_blight
201832.jpg,bacterial_leaf_blight
201833.jpg,blast
201834.jpg,brown_spot
201835.jpg,blast
201836.jpg,blast
201837.jpg,bacterial_leaf_blight
201838.jpg,normal
201839.jpg,brown_spot
201840.jpg,bacterial_leaf_blight
201841.jpg,bacterial_leaf_blight
201842.jpg,normal
201843.jpg,blast
201844.jpg,blast
201845.jpg,normal
201846.jpg,normal
201847.jpg,blast
201848.jpg,bacterial_leaf_blight
201849.jpg,normal
201850.jpg,bacterial_leaf_blight
201851.jpg,normal
201852.jpg,normal
201853.jpg,blast
201854.jpg,normal
201855.jpg,normal
201856.jpg,bacterial_leaf_blight
201857.jpg,blast
201858.jpg,normal
201859.jpg,normal
201860.jpg,normal
201861.jpg,normal
201862.jpg,bacterial_leaf_blight
201863.jpg,brown_spot
201864.jpg,blast
201865.jpg,blast
201866.jpg,normal
201867.jpg,normal
201868.jpg,bacterial_leaf_blight
201869.jpg,bacterial_leaf_blight
201870.jpg,bacterial_leaf_blight
201871.jpg,bacterial_leaf_blight
201872.jpg,normal
201873.jpg,normal
201874.jpg,bacterial_leaf_blight
201875.jpg,brown_spot
201876.jpg,blast
201877.jpg,blast
201878.jpg,normal
201879.jpg,normal
201880.jpg,normal
201881.jpg,brown_spot
201882.jpg,blast
201883.jpg,bacterial_leaf_blight
201884.jpg,bacterial_leaf_blight
201885.jpg,bacterial_leaf_blight
201886.jpg,bacterial_leaf_blight
201887.jpg,blast
201888.jpg,bacterial_leaf_blight
201889.jpg,normal
201890.jpg,bacterial_leaf_blight
201891.jpg,blast
201892.jpg,blast
201893.jpg,blast
201894.jpg,bacterial_leaf_blight
201895.jpg,normal
201896.jpg,brown_spot
201897.jpg,normal
201898.jpg,normal
201899.jpg,normal
201900.jpg,bacterial_leaf_blight
201901.jpg,blast
201902.jpg,normal
201903.jpg,normal
201904.jpg,normal
201905.jpg,brown_spot
201906.jpg,bacterial_leaf_blight
201907.jpg,bacterial_leaf_blight
201908.jpg,normal
201909.jpg,normal
201910.jpg,bacterial_leaf_blight
201911.jpg,blast
201912.jpg,bacterial_leaf_blight
201913.jpg,bacterial_leaf_blight
201914.jpg,normal
201915.jpg,blast
201916.jpg,brown_spot
201917.jpg,blast
201918.jpg,normal
201919.jpg,normal
201920.jpg,normal
201921.jpg,blast
201922.jpg,bacterial_leaf_blight
201923.jpg,normal
201924.jpg,bacterial_leaf_blight
201925.jpg,normal
201926.jpg,blast
201927.jpg,bacterial_leaf_blight
201928.jpg,bacterial_leaf_blight
201929.jpg,normal
201930.jpg,bacterial_leaf_blight
201931.jpg,normal
201932.jpg,brown_spot
201933.jpg,brown_spot
201934.jpg,normal
201935.jpg,bacterial_leaf_blight
201936.jpg,brown_spot
201937.jpg,normal
201938.jpg,bacterial_leaf_blight
201939.jpg,blast
201940.jpg,brown_spot
201941.jpg,normal
201942.jpg,bacterial_leaf_blight
201943.jpg,brown_spot
201944.jpg,bacterial_leaf_blight
201945.jpg,blast
201946.jpg,bacterial_leaf_blight
201947.jpg,bacterial_leaf_blight
201948.jpg,bacterial_leaf_blight
201949.jpg,bacterial_leaf_blight
201950.jpg,bacterial_leaf_blight
201951.jpg,normal
201952.jpg,normal
201953.jpg,bacterial_leaf_blight
201954.jpg,brown_spot
201955.jpg,bacterial_leaf_blight
201956.jpg,bacterial_leaf_blight
201957.jpg,blast
201958.jpg,normal
201959.jpg,normal
201960.jpg,bacterial_leaf_blight
201961.jpg,bacterial_leaf_blight
201962.jpg,bacterial_leaf_blight
201963.jpg,blast
201964.jpg,normal
201965.jpg,blast
201966.jpg,normal
201967.jpg,bacterial_leaf_blight
201968.jpg,brown_spot
201969.jpg,brown_spot
201970.jpg,blast
201971.jpg,blast
201972.jpg,bacterial_leaf_blight
201973.jpg,blast
201974.jpg,brown_spot
201975.jpg,blast
201976.jpg,normal
201977.jpg,normal
201978.jpg,bacterial_leaf_blight
201979.jpg,blast
201980.jpg,blast
201981.jpg,blast
201982.jpg,bacterial_leaf_blight
201983.jpg,normal
201984.jpg,normal
201985.jpg,normal
201986.jpg,bacterial_leaf_blight
201987.jpg,bacterial_leaf_blight
201988.jpg,brown_spot
201989.jpg,blast
201990.jpg,brown_spot
201991.jpg,blast
201992.jpg,normal
201993.jpg,normal
201994.jpg,bacterial_leaf_blight
201995.jpg,brown_spot
201996.jpg,normal
201997.jpg,normal
201998.jpg,bacterial_leaf_blight
201999.jpg,bacterial_leaf_blight
202000.jpg,normal
202001.jpg,normal
202002.jpg,blast
202003.jpg,normal
202004.jpg,blast
202005.jpg,brown_spot
202006.jpg,brown_spot
202007.jpg,bacterial_leaf_blight
202008.jpg,blast
202009.jpg,normal
202010.jpg,blast
202011.jpg,blast
202012.jpg,bacterial_leaf_blight
202013.jpg,normal
202014.jpg,bacterial_leaf_blight
202015.jpg,normal
202016.jpg,bacterial_leaf_blight
202017.jpg,blast
202018.jpg,blast
202019.jpg,normal
202020.jpg,blast
202021.jpg,blast
202022.jpg,normal
202023.jpg,normal
202024.jpg,blast
202025.jpg,blast
202026.jpg,normal
202027.jpg,bacterial_leaf_blight
202028.jpg,bacterial_leaf_blight
202029.jpg,blast
202030.jpg,brown_spot
202031.jpg,blast
202032.jpg,normal
202033.jpg,blast
202034.jpg,bacterial_leaf_blight
202035.jpg,bacterial_leaf_blight
202036.jpg,bacterial_leaf_blight
202037.jpg,normal
202038.jpg,bacterial_leaf_blight
202039.jpg,blast
202040.jpg,normal
202041.jpg,bacterial_leaf_blight
202042.jpg,normal
202043.jpg,blast
202044.jpg,bacterial_leaf_blight
202045.jpg,blast
202046.jpg,blast
202047.jpg,blast
202048.jpg,bacterial_leaf_blight
202049.jpg,normal
202050.jpg,normal
202051.jpg,normal
202052.jpg,brown_spot
202053.jpg,normal
202054.jpg,normal
202055.jpg,normal
202056.jpg,bacterial_leaf_blight
202057.jpg,blast
202058.jpg,bacterial_leaf_blight
202059.jpg,bacterial_leaf_blight
202060.jpg,bacterial_leaf_blight
202061.jpg,normal
202062.jpg,blast
202063.jpg,blast
202064.jpg,blast
202065.jpg,brown_spot
202066.jpg,bacterial_leaf_blight
202067.jpg,blast
202068.jpg,bacterial_leaf_blight
202069.jpg,bacterial_leaf_blight
202070.jpg,normal
202071.jpg,bacterial_leaf_blight
202072.jpg,brown_spot
202073.jpg,normal
202074.jpg,normal
202075.jpg,bacterial_leaf_blight
202076.jpg,normal
202077.jpg,normal
202078.jpg,normal
202079.jpg,bacterial_leaf_blight
202080.jpg,blast
202081.jpg,bacterial_leaf_blight
202082.jpg,bacterial_leaf_blight
202083.jpg,blast
202084.jpg,bacterial_leaf_blight
202085.jpg,normal
202086.jpg,normal
202087.jpg,blast
202088.jpg,normal
202089.jpg,normal
202090.jpg,brown_spot
202091.jpg,normal
202092.jpg,blast
202093.jpg,brown_spot
202094.jpg,normal
202095.jpg,normal
202096.jpg,brown_spot
202097.jpg,bacterial_leaf_blight
202098.jpg,normal
202099.jpg,normal
202100.jpg,brown_spot
202101.jpg,normal
202102.jpg,brown_spot
202103.jpg,normal
202104.jpg,normal
202105.jpg,brown_spot
202106.jpg,blast
202107.jpg,brown_spot
202108.jpg,normal
202109.jpg,bacterial_leaf_blight
202110.jpg,blast
202111.jpg,normal
202112.jpg,bacterial_leaf_blight
202113.jpg,bacterial_leaf_blight
202114.jpg,blast
202115.jpg,normal
202116.jpg,normal
202117.jpg,normal
202118.jpg,bacterial_leaf_blight
202119.jpg,blast
202120.jpg,blast
202121.jpg,blast
202122.jpg,blast
202123.jpg,normal
202124.jpg,normal
202125.jpg,bacterial_leaf_blight
202126.jpg,bacterial_leaf_blight
202127.jpg,normal
202128.jpg,bacterial_leaf_blight
202129.jpg,normal
202130.jpg,brown_spot
202131.jpg,blast
202132.jpg,brown_spot
202133.jpg,normal
202134.jpg,bacterial_leaf_blight
202135.jpg,blast
202136.jpg,blast
202137.jpg,bacterial_leaf_blight
202138.jpg,normal
202139.jpg,bacterial_leaf_blight
202140.jpg,bacterial_leaf_blight
202141.jpg,brown_spot
202142.jpg,bacterial_leaf_blight
202143.jpg,brown_spot
202144.jpg,blast
202145.jpg,brown_spot
202146.jpg,brown_spot
202147.jpg,normal
202148.jpg,blast
202149.jpg,normal
202150.jpg,bacterial_leaf_blight
202151.jpg,bacterial_leaf_blight
202152.jpg,normal
202153.jpg,bacterial_leaf_blight
202154.jpg,bacterial_leaf_blight
202155.jpg,bacterial_leaf_blight
202156.jpg,blast
202157.jpg,normal
202158.jpg,brown_spot
202159.jpg,normal
202160.jpg,normal
202161.jpg,bacterial_leaf_blight
202162.jpg,bacterial_leaf_blight
202163.jpg,blast
202164.jpg,bacterial_leaf_blight
202165.jpg,brown_spot
202166.jpg,normal
202167.jpg,normal
202168.jpg,blast
202169.jpg,blast
202170.jpg,normal
202171.jpg,normal
202172.jpg,normal
202173.jpg,normal
202174.jpg,normal
202175.jpg,blast
202176.jpg,brown_spot
202177.jpg,brown_spot
202178.jpg,bacterial_leaf_blight
202179.jpg,normal
202180.jpg,normal
202181.jpg,normal
202182.jpg,blast
202183.jpg,normal
202184.jpg,brown_spot
202185.jpg,bacterial_leaf_blight
202186.jpg,normal
202187.jpg,bacterial_leaf_blight
202188.jpg,blast
202189.jpg,blast
202190.jpg,normal
202191.jpg,normal
202192.jpg,normal
202193.jpg,normal
202194.jpg,normal
202195.jpg,bacterial_leaf_blight
202196.jpg,brown_spot
202197.jpg,blast
202198.jpg,blast
202199.jpg,blast
202200.jpg,normal
202201.jpg,bacterial_leaf_blight
202202.jpg,bacterial_leaf_blight
202203.jpg,bacterial_leaf_blight
202204.jpg,normal
202205.jpg,normal
202206.jpg,bacterial_leaf_blight
202207.jpg,blast
202208.jpg,bacterial_leaf_blight
202209.jpg,blast
202210.jpg,normal
202211.jpg,normal
202212.jpg,bacterial_leaf_blight
202213.jpg,bacterial_leaf_blight
202214.jpg,bacterial_leaf_blight
202215.jpg,normal
202216.jpg,blast
202217.jpg,normal
202218.jpg,normal
202219.jpg,normal
202220.jpg,blast
202221.jpg,normal
202222.jpg,blast
202223.jpg,bacterial_leaf_blight
202224.jpg,normal
202225.jpg,blast
202226.jpg,blast
202227.jpg,blast
202228.jpg,bacterial_leaf_blight
202229.jpg,blast
202230.jpg,bacterial_leaf_blight
202231.jpg,blast
202232.jpg,bacterial_leaf_blight
202233.jpg,blast
202234.jpg,normal
202235.jpg,blast
202236.jpg,normal
202237.jpg,blast
202238.jpg,blast
202239.jpg,normal
202240.jpg,normal
202241.jpg,bacterial_leaf_blight
202242.jpg,normal
202243.jpg,normal
202244.jpg,blast
202245.jpg,bacterial_leaf_blight
202246.jpg,blast
202247.jpg,normal
202248.jpg,bacterial_leaf_blight
202249.jpg,normal
202250.jpg,bacterial_leaf_blight
202251.jpg,brown_spot
202252.jpg,normal
202253.jpg,blast
202254.jpg,normal
202255.jpg,bacterial_leaf_blight
202256.jpg,normal
202257.jpg,normal
202258.jpg,normal
202259.jpg,bacterial_leaf_blight
202260.jpg,bacterial_leaf_blight
202261.jpg,blast
202262.jpg,normal
202263.jpg,bacterial_leaf_blight
202264.jpg,blast
202265.jpg,blast
202266.jpg,bacterial_leaf_blight
202267.jpg,bacterial_leaf_blight
202268.jpg,blast
202269.jpg,normal
202270.jpg,normal
202271.jpg,blast
202272.jpg,brown_spot
202273.jpg,bacterial_leaf_blight
202274.jpg,blast
202275.jpg,bacterial_leaf_blight
202276.jpg,brown_spot
202277.jpg,bacterial_leaf_blight
202278.jpg,normal
202279.jpg,bacterial_leaf_blight
202280.jpg,brown_spot
202281.jpg,normal
202282.jpg,brown_spot
202283.jpg,brown_spot
202284.jpg,normal
202285.jpg,blast
202286.jpg,bacterial_leaf_blight
202287.jpg,blast
202288.jpg,brown_spot
202289.jpg,brown_spot
202290.jpg,normal
202291.jpg,normal
202292.jpg,blast
202293.jpg,blast
202294.jpg,blast
202295.jpg,blast
202296.jpg,normal
202297.jpg,brown_spot
202298.jpg,normal
202299.jpg,brown_spot
202300.jpg,bacterial_leaf_blight
202301.jpg,normal
202302.jpg,normal
202303.jpg,bacterial_leaf_blight
202304.jpg,normal
202305.jpg,blast
202306.jpg,bacterial_leaf_blight
202307.jpg,bacterial_leaf_blight
202308.jpg,normal
202309.jpg,bacterial_leaf_blight
202310.jpg,blast
202311.jpg,blast
202312.jpg,brown_spot
202313.jpg,blast
202314.jpg,normal
202315.jpg,bacterial_leaf_blight
202316.jpg,normal
202317.jpg,blast
202318.jpg,normal
202319.jpg,bacterial_leaf_blight
202320.jpg,normal
202321.jpg,brown_spot
202322.jpg,brown_spot
202323.jpg,normal
202324.jpg,normal
202325.jpg,blast
202326.jpg,bacterial_leaf_blight
202327.jpg,blast
202328.jpg,blast
202329.jpg,normal
202330.jpg,blast
202331.jpg,bacterial_leaf_blight
202332.jpg,bacterial_leaf_blight
202333.jpg,bacterial_leaf_blight
202334.jpg,blast
202335.jpg,normal
202336.jpg,normal
202337.jpg,normal
202338.jpg,brown_spot
202339.jpg,blast
202340.jpg,blast
202341.jpg,bacterial_leaf_blight
202342.jpg,normal
202343.jpg,blast
202344.jpg,bacterial_leaf_blight
202345.jpg,bacterial_leaf_blight
202346.jpg,normal
202347.jpg,blast
202348.jpg,bacterial_leaf_blight
202349.jpg,brown_spot
202350.jpg,bacterial_leaf_blight
202351.jpg,bacterial_leaf_blight
202352.jpg,bacterial_leaf_blight
202353.jpg,normal
202354.jpg,blast
202355.jpg,bacterial_leaf_blight
202356.jpg,blast
202357.jpg,normal
202358.jpg,bacterial_leaf_blight
202359.jpg,normal
202360.jpg,blast
202361.jpg,blast
202362.jpg,bacterial_leaf_blight
202363.jpg,normal
202364.jpg,normal
202365.jpg,blast
202366.jpg,bacterial_leaf_blight
202367.jpg,bacterial_leaf_blight
202368.jpg,blast
202369.jpg,bacterial_leaf_blight
202370.jpg,normal
202371.jpg,bacterial_leaf_blight
202372.jpg,normal
202373.jpg,normal
202374.jpg,bacterial_leaf_blight
202375.jpg,normal
202376.jpg,normal
202377.jpg,bacterial_leaf_blight
202378.jpg,normal
202379.jpg,bacterial_leaf_blight
202380.jpg,blast
202381.jpg,bacterial_leaf_blight
202382.jpg,bacterial_leaf_blight
202383.jpg,normal
202384.jpg,normal
202385.jpg,normal
202386.jpg,bacterial_leaf_blight
202387.jpg,normal
202388.jpg,normal
202389.jpg,blast
202390.jpg,normal
202391.jpg,blast
202392.jpg,bacterial_leaf_blight
202393.jpg,bacterial_leaf_blight
202394.jpg,blast
202395.jpg,bacterial_leaf_blight
202396.jpg,bacterial_leaf_blight
202397.jpg,bacterial_leaf_blight
202398.jpg,bacterial_leaf_blight
202399.jpg,bacterial_leaf_blight
202400.jpg,normal
202401.jpg,blast
202402.jpg,bacterial_leaf_blight
202403.jpg,blast
202404.jpg,bacterial_leaf_blight
202405.jpg,bacterial_leaf_blight
202406.jpg,blast
202407.jpg,normal
202408.jpg,normal
202409.jpg,brown_spot
202410.jpg,bacterial_leaf_blight
202411.jpg,bacterial_leaf_blight
202412.jpg,blast
202413.jpg,blast
202414.jpg,normal
202415.jpg,normal
202416.jpg,normal
202417.jpg,normal
202418.jpg,bacterial_leaf_blight
202419.jpg,normal
202420.jpg,blast
202421.jpg,blast
202422.jpg,blast
202423.jpg,bacterial_leaf_blight
202424.jpg,normal
202425.jpg,blast
202426.jpg,blast
202427.jpg,blast
202428.jpg,blast
202429.jpg,bacterial_leaf_blight
202430.jpg,brown_spot
202431.jpg,bacterial_leaf_blight
202432.jpg,bacterial_leaf_blight
202433.jpg,blast
202434.jpg,blast
202435.jpg,blast
202436.jpg,normal
202437.jpg,bacterial_leaf_blight
202438.jpg,normal
202439.jpg,brown_spot
202440.jpg,blast
202441.jpg,blast
202442.jpg,blast
202443.jpg,bacterial_leaf_blight
202444.jpg,brown_spot
202445.jpg,normal
202446.jpg,normal
202447.jpg,blast
202448.jpg,blast
202449.jpg,bacterial_leaf_blight
202450.jpg,blast
202451.jpg,bacterial_leaf_blight
202452.jpg,blast
202453.jpg,normal
202454.jpg,blast
202455.jpg,normal
202456.jpg,brown_spot
202457.jpg,normal
202458.jpg,normal
202459.jpg,bacterial_leaf_blight
202460.jpg,blast
202461.jpg,normal
202462.jpg,bacterial_leaf_blight
202463.jpg,blast
202464.jpg,bacterial_leaf_blight
202465.jpg,blast
202466.jpg,blast
202467.jpg,brown_spot
202468.jpg,bacterial_leaf_blight
202469.jpg,normal
202470.jpg,normal
202471.jpg,brown_spot
202472.jpg,normal
202473.jpg,normal
202474.jpg,brown_spot
202475.jpg,blast
202476.jpg,bacterial_leaf_blight
202477.jpg,blast
202478.jpg,normal
202479.jpg,normal
202480.jpg,normal
202481.jpg,normal
202482.jpg,bacterial_leaf_blight
202483.jpg,blast
202484.jpg,blast
202485.jpg,normal
202486.jpg,normal
202487.jpg,bacterial_leaf_blight
202488.jpg,normal
202489.jpg,bacterial_leaf_blight
202490.jpg,normal
202491.jpg,brown_spot
202492.jpg,normal
202493.jpg,bacterial_leaf_blight
202494.jpg,normal
202495.jpg,blast
202496.jpg,blast
202497.jpg,brown_spot
202498.jpg,bacterial_leaf_blight
202499.jpg,blast
202500.jpg,normal
202501.jpg,blast
202502.jpg,brown_spot
202503.jpg,brown_spot
202504.jpg,bacterial_leaf_blight
202505.jpg,brown_spot
202506.jpg,bacterial_leaf_blight
202507.jpg,brown_spot
202508.jpg,bacterial_leaf_blight
202509.jpg,bacterial_leaf_blight
202510.jpg,blast
202511.jpg,bacterial_leaf_blight
202512.jpg,blast
202513.jpg,blast
202514.jpg,normal
202515.jpg,blast
202516.jpg,blast
202517.jpg,bacterial_leaf_blight
202518.jpg,bacterial_leaf_blight
202519.jpg,blast
202520.jpg,normal
202521.jpg,bacterial_leaf_blight
202522.jpg,blast
202523.jpg,bacterial_leaf_blight
202524.jpg,blast
202525.jpg,blast
202526.jpg,blast
202527.jpg,blast
202528.jpg,normal
202529.jpg,bacterial_leaf_blight
202530.jpg,bacterial_leaf_blight
202531.jpg,normal
202532.jpg,blast
202533.jpg,normal
202534.jpg,blast
202535.jpg,bacterial_leaf_blight
202536.jpg,brown_spot
202537.jpg,blast
202538.jpg,normal
202539.jpg,blast
202540.jpg,bacterial_leaf_blight
202541.jpg,blast
202542.jpg,normal
202543.jpg,blast
202544.jpg,normal
202545.jpg,normal
202546.jpg,normal
202547.jpg,brown_spot
202548.jpg,bacterial_leaf_blight
202549.jpg,bacterial_leaf_blight
202550.jpg,blast
202551.jpg,normal
202552.jpg,bacterial_leaf_blight
202553.jpg,normal
202554.jpg,bacterial_leaf_blight
202555.jpg,blast
202556.jpg,normal
202557.jpg,normal
202558.jpg,bacterial_leaf_blight
202559.jpg,blast
202560.jpg,blast
202561.jpg,normal
202562.jpg,bacterial_leaf_blight
202563.jpg,brown_spot
202564.jpg,normal
202565.jpg,brown_spot
202566.jpg,bacterial_leaf_blight
202567.jpg,normal
202568.jpg,bacterial_leaf_blight
202569.jpg,bacterial_leaf_blight
202570.jpg,blast
202571.jpg,blast
202572.jpg,brown_spot
202573.jpg,brown_spot
202574.jpg,blast
202575.jpg,brown_spot
202576.jpg,bacterial_leaf_blight
202577.jpg,normal
202578.jpg,normal
202579.jpg,blast
202580.jpg,normal
202581.jpg,brown_spot
202582.jpg,bacterial_leaf_blight
202583.jpg,normal
202584.jpg,bacterial_leaf_blight
202585.jpg,bacterial_leaf_blight
202586.jpg,blast
202587.jpg,blast
202588.jpg,brown_spot
202589.jpg,normal
202590.jpg,blast
202591.jpg,normal
202592.jpg,normal
202593.jpg,bacterial_leaf_blight
202594.jpg,bacterial_leaf_blight
202595.jpg,normal
202596.jpg,bacterial_leaf_blight
202597.jpg,blast
202598.jpg,brown_spot
202599.jpg,bacterial_leaf_blight
202600.jpg,normal
202601.jpg,brown_spot
202602.jpg,blast
202603.jpg,brown_spot
202604.jpg,blast
202605.jpg,bacterial_leaf_blight
202606.jpg,bacterial_leaf_blight
202607.jpg,normal
202608.jpg,bacterial_leaf_blight
202609.jpg,blast
202610.jpg,normal
202611.jpg,bacterial_leaf_blight
202612.jpg,blast
202613.jpg,bacterial_leaf_blight
202614.jpg,blast
202615.jpg,brown_spot
202616.jpg,bacterial_leaf_blight
202617.jpg,bacterial_leaf_blight
202618.jpg,brown_spot
202619.jpg,normal
202620.jpg,brown_spot
202621.jpg,blast
202622.jpg,bacterial_leaf_blight
202623.jpg,brown_spot
202624.jpg,bacterial_leaf_blight
202625.jpg,blast
202626.jpg,brown_spot
202627.jpg,normal
202628.jpg,normal
202629.jpg,normal
202630.jpg,blast
202631.jpg,bacterial_leaf_blight
202632.jpg,bacterial_leaf_blight
202633.jpg,normal
202634.jpg,bacterial_leaf_blight
202635.jpg,bacterial_leaf_blight
202636.jpg,normal
202637.jpg,normal
202638.jpg,bacterial_leaf_blight
202639.jpg,brown_spot
202640.jpg,bacterial_leaf_blight
202641.jpg,bacterial_leaf_blight
202642.jpg,brown_spot
202643.jpg,bacterial_leaf_blight
202644.jpg,bacterial_leaf_blight
202645.jpg,normal
202646.jpg,normal
202647.jpg,normal
202648.jpg,blast
202649.jpg,bacterial_leaf_blight
202650.jpg,brown_spot
202651.jpg,bacterial_leaf_blight
202652.jpg,normal
202653.jpg,normal
202654.jpg,normal
202655.jpg,brown_spot
202656.jpg,blast
202657.jpg,bacterial_leaf_blight
202658.jpg,bacterial_leaf_blight
202659.jpg,normal
202660.jpg,normal
202661.jpg,normal
202662.jpg,normal
202663.jpg,bacterial_leaf_blight
202664.jpg,bacterial_leaf_blight
202665.jpg,blast
202666.jpg,bacterial_leaf_blight
202667.jpg,bacterial_leaf_blight
202668.jpg,bacterial_leaf_blight
202669.jpg,normal
202670.jpg,bacterial_leaf_blight
202671.jpg,bacterial_leaf_blight
202672.jpg,normal
202673.jpg,blast
202674.jpg,bacterial_leaf_blight
202675.jpg,blast
202676.jpg,normal
202677.jpg,normal
202678.jpg,normal
202679.jpg,bacterial_leaf_blight
202680.jpg,blast
202681.jpg,normal
202682.jpg,blast
202683.jpg,blast
202684.jpg,normal
202685.jpg,blast
202686.jpg,blast
202687.jpg,normal
202688.jpg,normal
202689.jpg,bacterial_leaf_blight
202690.jpg,brown_spot
202691.jpg,bacterial_leaf_blight
202692.jpg,normal
202693.jpg,bacterial_leaf_blight
202694.jpg,bacterial_leaf_blight
202695.jpg,blast
202696.jpg,normal
202697.jpg,blast
202698.jpg,normal
202699.jpg,bacterial_leaf_blight
202700.jpg,normal
202701.jpg,blast
202702.jpg,normal
202703.jpg,blast
202704.jpg,bacterial_leaf_blight
202705.jpg,bacterial_leaf_blight
202706.jpg,bacterial_leaf_blight
202707.jpg,bacterial_leaf_blight
202708.jpg,bacterial_leaf_blight
202709.jpg,bacterial_leaf_blight
202710.jpg,blast
202711.jpg,bacterial_leaf_blight
202712.jpg,normal
202713.jpg,blast
202714.jpg,normal
202715.jpg,normal
202716.jpg,normal
202717.jpg,blast
202718.jpg,bacterial_leaf_blight
202719.jpg,blast
202720.jpg,blast
202721.jpg,brown_spot
202722.jpg,normal
202723.jpg,normal
202724.jpg,bacterial_leaf_blight
202725.jpg,blast
202726.jpg,blast
202727.jpg,bacterial_leaf_blight
202728.jpg,brown_spot
202729.jpg,normal
202730.jpg,normal
202731.jpg,bacterial_leaf_blight
202732.jpg,normal
202733.jpg,normal
202734.jpg,normal
202735.jpg,blast
202736.jpg,normal
202737.jpg,bacterial_leaf_blight
202738.jpg,normal
202739.jpg,bacterial_leaf_blight
202740.jpg,blast
202741.jpg,normal
202742.jpg,bacterial_leaf_blight
202743.jpg,normal
202744.jpg,blast
202745.jpg,blast
202746.jpg,normal
202747.jpg,normal
202748.jpg,normal
202749.jpg,normal
202750.jpg,blast
202751.jpg,blast
202752.jpg,bacterial_leaf_blight
202753.jpg,bacterial_leaf_blight
202754.jpg,bacterial_leaf_blight
202755.jpg,bacterial_leaf_blight
202756.jpg,blast
202757.jpg,bacterial_leaf_blight
202758.jpg,blast
202759.jpg,normal
202760.jpg,blast
202761.jpg,blast
202762.jpg,blast
202763.jpg,blast
202764.jpg,blast
202765.jpg,normal
202766.jpg,blast
202767.jpg,bacterial_leaf_blight
202768.jpg,bacterial_leaf_blight
202769.jpg,normal
202770.jpg,blast
202771.jpg,brown_spot
202772.jpg,blast
202773.jpg,normal
202774.jpg,normal
202775.jpg,blast
202776.jpg,blast
202777.jpg,brown_spot
202778.jpg,normal
202779.jpg,blast
202780.jpg,bacterial_leaf_blight
202781.jpg,brown_spot
202782.jpg,blast
202783.jpg,normal
202784.jpg,normal
202785.jpg,bacterial_leaf_blight
202786.jpg,brown_spot
202787.jpg,blast
202788.jpg,blast
202789.jpg,brown_spot
202790.jpg,bacterial_leaf_blight
202791.jpg,blast
202792.jpg,brown_spot
202793.jpg,normal
202794.jpg,normal
202795.jpg,blast
202796.jpg,bacterial_leaf_blight
202797.jpg,brown_spot
202798.jpg,normal
202799.jpg,bacterial_leaf_blight
202800.jpg,normal
202801.jpg,normal
202802.jpg,normal
202803.jpg,bacterial_leaf_blight
202804.jpg,bacterial_leaf_blight
202805.jpg,bacterial_leaf_blight
202806.jpg,normal
202807.jpg,bacterial_leaf_blight
202808.jpg,bacterial_leaf_blight
202809.jpg,normal
202810.jpg,brown_spot
202811.jpg,blast
202812.jpg,blast
202813.jpg,normal
202814.jpg,normal
202815.jpg,brown_spot
202816.jpg,normal
202817.jpg,bacterial_leaf_blight
202818.jpg,bacterial_leaf_blight
202819.jpg,normal
202820.jpg,brown_spot
202821.jpg,brown_spot
202822.jpg,brown_spot
202823.jpg,blast
202824.jpg,blast
202825.jpg,normal
202826.jpg,bacterial_leaf_blight
202827.jpg,blast
202828.jpg,normal
202829.jpg,normal
202830.jpg,bacterial_leaf_blight
202831.jpg,normal
202832.jpg,bacterial_leaf_blight
202833.jpg,brown_spot
202834.jpg,blast
202835.jpg,brown_spot
202836.jpg,blast
202837.jpg,normal
202838.jpg,bacterial_leaf_blight
202839.jpg,normal
202840.jpg,bacterial_leaf_blight
202841.jpg,normal
202842.jpg,normal
202843.jpg,normal
202844.jpg,blast
202845.jpg,brown_spot
202846.jpg,blast
202847.jpg,normal
202848.jpg,brown_spot
202849.jpg,normal
202850.jpg,normal
202851.jpg,bacterial_leaf_blight
202852.jpg,normal
202853.jpg,bacterial_leaf_blight
202854.jpg,brown_spot
202855.jpg,bacterial_leaf_blight
202856.jpg,normal
202857.jpg,normal
202858.jpg,normal
202859.jpg,normal
202860.jpg,normal
202861.jpg,bacterial_leaf_blight
202862.jpg,blast
202863.jpg,blast
202864.jpg,blast
202865.jpg,normal
202866.jpg,blast
202867.jpg,blast
202868.jpg,bacterial_leaf_blight
202869.jpg,bacterial_leaf_blight
202870.jpg,normal
202871.jpg,blast
202872.jpg,normal
202873.jpg,blast
202874.jpg,bacterial_leaf_blight
202875.jpg,bacterial_leaf_blight
202876.jpg,normal
202877.jpg,bacterial_leaf_blight
202878.jpg,normal
202879.jpg,normal
202880.jpg,bacterial_leaf_blight
202881.jpg,blast
202882.jpg,bacterial_leaf_blight
202883.jpg,brown_spot
202884.jpg,bacterial_leaf_blight
202885.jpg,normal
202886.jpg,bacterial_leaf_blight
202887.jpg,normal
202888.jpg,bacterial_leaf_blight
202889.jpg,bacterial_leaf_blight
202890.jpg,normal
202891.jpg,bacterial_leaf_blight
202892.jpg,bacterial_leaf_blight
202893.jpg,brown_spot
202894.jpg,normal
202895.jpg,normal
202896.jpg,blast
202897.jpg,bacterial_leaf_blight
202898.jpg,bacterial_leaf_blight
202899.jpg,blast
202900.jpg,bacterial_leaf_blight
202901.jpg,blast
202902.jpg,blast
202903.jpg,normal
202904.jpg,bacterial_leaf_blight
202905.jpg,normal
202906.jpg,bacterial_leaf_blight
202907.jpg,bacterial_leaf_blight
202908.jpg,normal
202909.jpg,blast
202910.jpg,bacterial_leaf_blight
202911.jpg,blast
202912.jpg,blast
202913.jpg,blast
202914.jpg,blast
202915.jpg,bacterial_leaf_blight
202916.jpg,brown_spot
202917.jpg,normal
202918.jpg,normal
202919.jpg,blast
202920.jpg,normal
202921.jpg,normal
202922.jpg,bacterial_leaf_blight
202923.jpg,normal
202924.jpg,brown_spot
202925.jpg,blast
202926.jpg,normal
202927.jpg,bacterial_leaf_blight
202928.jpg,normal
202929.jpg,normal
202930.jpg,bacterial_leaf_blight
202931.jpg,brown_spot
202932.jpg,blast
202933.jpg,normal
202934.jpg,brown_spot
202935.jpg,brown_spot
202936.jpg,brown_spot
202937.jpg,bacterial_leaf_blight
202938.jpg,bacterial_leaf_blight
202939.jpg,blast
202940.jpg,blast
202941.jpg,brown_spot
202942.jpg,bacterial_leaf_blight
202943.jpg,normal
202944.jpg,blast
202945.jpg,normal
202946.jpg,brown_spot
202947.jpg,bacterial_leaf_blight
202948.jpg,blast
202949.jpg,brown_spot
202950.jpg,brown_spot
202951.jpg,bacterial_leaf_blight
202952.jpg,normal
202953.jpg,bacterial_leaf_blight
202954.jpg,brown_spot
202955.jpg,normal
202956.jpg,bacterial_leaf_blight
202957.jpg,normal
202958.jpg,normal
202959.jpg,normal
202960.jpg,bacterial_leaf_blight
202961.jpg,normal
202962.jpg,bacterial_leaf_blight
202963.jpg,bacterial_leaf_blight
202964.jpg,blast
202965.jpg,normal
202966.jpg,normal
202967.jpg,bacterial_leaf_blight
202968.jpg,brown_spot
202969.jpg,blast
202970.jpg,normal
202971.jpg,bacterial_leaf_blight
202972.jpg,bacterial_leaf_blight
202973.jpg,blast
202974.jpg,blast
202975.jpg,normal
202976.jpg,bacterial_leaf_blight
202977.jpg,normal
202978.jpg,bacterial_leaf_blight
202979.jpg,brown_spot
202980.jpg,blast
202981.jpg,bacterial_leaf_blight
202982.jpg,bacterial_leaf_blight
202983.jpg,blast
202984.jpg,brown_spot
202985.jpg,bacterial_leaf_blight
202986.jpg,normal
202987.jpg,normal
202988.jpg,blast
202989.jpg,normal
202990.jpg,normal
202991.jpg,normal
202992.jpg,bacterial_leaf_blight
202993.jpg,normal
202994.jpg,blast
202995.jpg,brown_spot
202996.jpg,blast
202997.jpg,normal
202998.jpg,bacterial_leaf_blight
202999.jpg,blast
203000.jpg,blast
203001.jpg,bacterial_leaf_blight
203002.jpg,normal
203003.jpg,bacterial_leaf_blight
203004.jpg,blast
203005.jpg,bacterial_leaf_blight
203006.jpg,bacterial_leaf_blight
203007.jpg,bacterial_leaf_blight
203008.jpg,blast
203009.jpg,bacterial_leaf_blight
203010.jpg,blast
203011.jpg,bacterial_leaf_blight
203012.jpg,blast
203013.jpg,normal
203014.jpg,brown_spot
203015.jpg,blast
203016.jpg,brown_spot
203017.jpg,bacterial_leaf_blight
203018.jpg,bacterial_leaf_blight
203019.jpg,normal
203020.jpg,bacterial_leaf_blight
203021.jpg,normal
203022.jpg,normal
203023.jpg,bacterial_leaf_blight
203024.jpg,blast
203025.jpg,bacterial_leaf_blight
203026.jpg,normal
203027.jpg,blast
203028.jpg,blast
203029.jpg,blast
203030.jpg,normal
203031.jpg,bacterial_leaf_blight
203032.jpg,bacterial_leaf_blight
203033.jpg,normal
203034.jpg,blast
203035.jpg,bacterial_leaf_blight
203036.jpg,blast
203037.jpg,bacterial_leaf_blight
203038.jpg,blast
203039.jpg,normal
203040.jpg,bacterial_leaf_blight
203041.jpg,blast
203042.jpg,normal
203043.jpg,normal
203044.jpg,blast
203045.jpg,blast
203046.jpg,blast
203047.jpg,normal
203048.jpg,blast
203049.jpg,normal
203050.jpg,blast
203051.jpg,brown_spot
203052.jpg,blast
203053.jpg,bacterial_leaf_blight
203054.jpg,normal
203055.jpg,bacterial_leaf_blight
203056.jpg,normal
203057.jpg,brown_spot
203058.jpg,normal
203059.jpg,bacterial_leaf_blight
203060.jpg,normal
203061.jpg,normal
203062.jpg,bacterial_leaf_blight
203063.jpg,normal
203064.jpg,normal
203065.jpg,brown_spot
203066.jpg,bacterial_leaf_blight
203067.jpg,bacterial_leaf_blight
203068.jpg,normal
203069.jpg,normal
203070.jpg,blast
203071.jpg,normal
203072.jpg,bacterial_leaf_blight
203073.jpg,normal
203074.jpg,bacterial_leaf_blight
203075.jpg,bacterial_leaf_blight
203076.jpg,blast
203077.jpg,bacterial_leaf_blight
203078.jpg,blast
203079.jpg,normal
203080.jpg,normal
203081.jpg,bacterial_leaf_blight
203082.jpg,normal
203083.jpg,blast
203084.jpg,brown_spot
203085.jpg,normal
203086.jpg,blast
203087.jpg,bacterial_leaf_blight
203088.jpg,blast
203089.jpg,normal
203090.jpg,normal
203091.jpg,bacterial_leaf_blight
203092.jpg,normal
203093.jpg,blast
203094.jpg,bacterial_leaf_blight
203095.jpg,bacterial_leaf_blight
203096.jpg,blast
203097.jpg,blast
203098.jpg,normal
203099.jpg,bacterial_leaf_blight
203100.jpg,normal
203101.jpg,normal
203102.jpg,blast
203103.jpg,brown_spot
203104.jpg,bacterial_leaf_blight
203105.jpg,normal
203106.jpg,normal
203107.jpg,bacterial_leaf_blight
203108.jpg,brown_spot
203109.jpg,normal
203110.jpg,bacterial_leaf_blight
203111.jpg,normal
203112.jpg,bacterial_leaf_blight
203113.jpg,blast
203114.jpg,brown_spot
203115.jpg,blast
203116.jpg,brown_spot
203117.jpg,blast
203118.jpg,blast
203119.jpg,bacterial_leaf_blight
203120.jpg,bacterial_leaf_blight
203121.jpg,normal
203122.jpg,bacterial_leaf_blight
203123.jpg,normal
203124.jpg,normal
203125.jpg,bacterial_leaf_blight
203126.jpg,normal
203127.jpg,normal
203128.jpg,blast
203129.jpg,brown_spot
203130.jpg,blast
203131.jpg,bacterial_leaf_blight
203132.jpg,normal
203133.jpg,bacterial_leaf_blight
203134.jpg,blast
203135.jpg,bacterial_leaf_blight
203136.jpg,normal
203137.jpg,bacterial_leaf_blight
203138.jpg,normal
203139.jpg,blast
203140.jpg,bacterial_leaf_blight
203141.jpg,normal
203142.jpg,normal
203143.jpg,blast
203144.jpg,blast
203145.jpg,normal
203146.jpg,bacterial_leaf_blight
203147.jpg,blast
203148.jpg,brown_spot
203149.jpg,blast
203150.jpg,normal
203151.jpg,bacterial_leaf_blight
203152.jpg,bacterial_leaf_blight
203153.jpg,bacterial_leaf_blight
203154.jpg,bacterial_leaf_blight
203155.jpg,normal
203156.jpg,blast
203157.jpg,normal
203158.jpg,blast
203159.jpg,bacterial_leaf_blight
203160.jpg,normal
203161.jpg,blast
203162.jpg,bacterial_leaf_blight
203163.jpg,normal
203164.jpg,bacterial_leaf_blight
203165.jpg,blast
203166.jpg,normal
203167.jpg,normal
203168.jpg,normal
203169.jpg,normal
203170.jpg,normal
203171.jpg,bacterial_leaf_blight
203172.jpg,bacterial_leaf_blight
203173.jpg,blast
203174.jpg,bacterial_leaf_blight
203175.jpg,normal
203176.jpg,bacterial_leaf_blight
203177.jpg,brown_spot
203178.jpg,blast
203179.jpg,bacterial_leaf_blight
203180.jpg,bacterial_leaf_blight
203181.jpg,blast
203182.jpg,normal
203183.jpg,normal
203184.jpg,brown_spot
203185.jpg,brown_spot
203186.jpg,blast
203187.jpg,normal
203188.jpg,brown_spot
203189.jpg,brown_spot
203190.jpg,blast
203191.jpg,normal
203192.jpg,blast
203193.jpg,brown_spot
203194.jpg,normal
203195.jpg,normal
203196.jpg,blast
203197.jpg,bacterial_leaf_blight
203198.jpg,normal
203199.jpg,normal
203200.jpg,normal
203201.jpg,brown_spot
203202.jpg,bacterial_leaf_blight
203203.jpg,bacterial_leaf_blight
203204.jpg,normal
203205.jpg,brown_spot
203206.jpg,blast
203207.jpg,brown_spot
203208.jpg,bacterial_leaf_blight
203209.jpg,brown_spot
203210.jpg,bacterial_leaf_blight
203211.jpg,brown_spot
203212.jpg,bacterial_leaf_blight
203213.jpg,bacterial_leaf_blight
203214.jpg,bacterial_leaf_blight
203215.jpg,bacterial_leaf_blight
203216.jpg,bacterial_leaf_blight
203217.jpg,blast
203218.jpg,normal
203219.jpg,bacterial_leaf_blight
203220.jpg,normal
203221.jpg,blast
203222.jpg,brown_spot
203223.jpg,bacterial_leaf_blight
203224.jpg,blast
203225.jpg,brown_spot
203226.jpg,blast
203227.jpg,bacterial_leaf_blight
203228.jpg,normal
203229.jpg,brown_spot
203230.jpg,bacterial_leaf_blight
203231.jpg,bacterial_leaf_blight
203232.jpg,brown_spot
203233.jpg,bacterial_leaf_blight
203234.jpg,normal
203235.jpg,normal
203236.jpg,bacterial_leaf_blight
203237.jpg,normal
203238.jpg,normal
203239.jpg,bacterial_leaf_blight
203240.jpg,bacterial_leaf_blight
203241.jpg,blast
203242.jpg,blast
203243.jpg,brown_spot
203244.jpg,normal
203245.jpg,blast
203246.jpg,normal
203247.jpg,blast
203248.jpg,blast
203249.jpg,normal
203250.jpg,blast
203251.jpg,normal
203252.jpg,bacterial_leaf_blight
203253.jpg,blast
203254.jpg,brown_spot
203255.jpg,blast
203256.jpg,normal
203257.jpg,blast
203258.jpg,blast
203259.jpg,blast
203260.jpg,blast
203261.jpg,bacterial_leaf_blight
203262.jpg,blast
203263.jpg,blast
203264.jpg,normal
203265.jpg,bacterial_leaf_blight
203266.jpg,brown_spot
203267.jpg,bacterial_leaf_blight
203268.jpg,normal
203269.jpg,normal
203270.jpg,brown_spot
203271.jpg,bacterial_leaf_blight
203272.jpg,normal
203273.jpg,normal
203274.jpg,normal
203275.jpg,brown_spot
203276.jpg,blast
203277.jpg,brown_spot
203278.jpg,bacterial_leaf_blight
203279.jpg,brown_spot
203280.jpg,normal
203281.jpg,bacterial_leaf_blight
203282.jpg,blast
203283.jpg,normal
203284.jpg,normal
203285.jpg,bacterial_leaf_blight
203286.jpg,blast
203287.jpg,normal
203288.jpg,bacterial_leaf_blight
203289.jpg,blast
203290.jpg,normal
203291.jpg,blast
203292.jpg,normal
203293.jpg,brown_spot
203294.jpg,blast
203295.jpg,brown_spot
203296.jpg,normal
203297.jpg,normal
203298.jpg,bacterial_leaf_blight
203299.jpg,bacterial_leaf_blight
203300.jpg,bacterial_leaf_blight
203301.jpg,blast
203302.jpg,bacterial_leaf_blight
203303.jpg,bacterial_leaf_blight
203304.jpg,blast
203305.jpg,normal
203306.jpg,bacterial_leaf_blight
203307.jpg,blast
203308.jpg,bacterial_leaf_blight
203309.jpg,normal
203310.jpg,bacterial_leaf_blight
203311.jpg,bacterial_leaf_blight
203312.jpg,normal
203313.jpg,normal
203314.jpg,normal
203315.jpg,blast
203316.jpg,normal
203317.jpg,bacterial_leaf_blight
203318.jpg,normal
203319.jpg,bacterial_leaf_blight
203320.jpg,normal
203321.jpg,bacterial_leaf_blight
203322.jpg,normal
203323.jpg,bacterial_leaf_blight
203324.jpg,bacterial_leaf_blight
203325.jpg,normal
203326.jpg,bacterial_leaf_blight
203327.jpg,bacterial_leaf_blight
203328.jpg,brown_spot
203329.jpg,bacterial_leaf_blight
203330.jpg,normal
203331.jpg,normal
203332.jpg,blast
203333.jpg,bacterial_leaf_blight
203334.jpg,normal
203335.jpg,bacterial_leaf_blight
203336.jpg,normal
203337.jpg,bacterial_leaf_blight
203338.jpg,blast
203339.jpg,blast
203340.jpg,brown_spot
203341.jpg,bacterial_leaf_blight
203342.jpg,blast
203343.jpg,bacterial_leaf_blight
203344.jpg,blast
203345.jpg,normal
203346.jpg,blast
203347.jpg,normal
203348.jpg,bacterial_leaf_blight
203349.jpg,blast
203350.jpg,normal
203351.jpg,normal
203352.jpg,blast
203353.jpg,blast
203354.jpg,blast
203355.jpg,normal
203356.jpg,brown_spot
203357.jpg,normal
203358.jpg,blast
203359.jpg,bacterial_leaf_blight
203360.jpg,blast
203361.jpg,bacterial_leaf_blight
203362.jpg,normal
203363.jpg,normal
203364.jpg,blast
203365.jpg,normal
203366.jpg,bacterial_leaf_blight
203367.jpg,normal
203368.jpg,normal
203369.jpg,bacterial_leaf_blight
203370.jpg,bacterial_leaf_blight
203371.jpg,brown_spot
203372.jpg,normal
203373.jpg,blast
203374.jpg,normal
203375.jpg,blast
203376.jpg,bacterial_leaf_blight
203377.jpg,brown_spot
203378.jpg,normal
203379.jpg,bacterial_leaf_blight
203380.jpg,bacterial_leaf_blight
203381.jpg,blast
203382.jpg,bacterial_leaf_blight
203383.jpg,bacterial_leaf_blight
203384.jpg,normal
203385.jpg,brown_spot
203386.jpg,blast
203387.jpg,blast
203388.jpg,blast
203389.jpg,bacterial_leaf_blight
203390.jpg,normal
203391.jpg,normal
203392.jpg,blast
203393.jpg,brown_spot
203394.jpg,bacterial_leaf_blight
203395.jpg,normal
203396.jpg,bacterial_leaf_blight
203397.jpg,normal
203398.jpg,normal
203399.jpg,normal
203400.jpg,blast
203401.jpg,bacterial_leaf_blight
203402.jpg,blast
203403.jpg,bacterial_leaf_blight
203404.jpg,blast
203405.jpg,blast
203406.jpg,blast
203407.jpg,bacterial_leaf_blight
203408.jpg,normal
203409.jpg,normal
203410.jpg,normal
203411.jpg,blast
203412.jpg,brown_spot
203413.jpg,blast
203414.jpg,blast
203415.jpg,blast
203416.jpg,bacterial_leaf_blight
203417.jpg,normal
203418.jpg,bacterial_leaf_blight
203419.jpg,bacterial_leaf_blight
203420.jpg,normal
203421.jpg,normal
203422.jpg,normal
203423.jpg,bacterial_leaf_blight
203424.jpg,blast
203425.jpg,normal
203426.jpg,normal
203427.jpg,brown_spot
203428.jpg,normal
203429.jpg,normal
203430.jpg,blast
203431.jpg,brown_spot
203432.jpg,brown_spot
203433.jpg,bacterial_leaf_blight
203434.jpg,bacterial_leaf_blight
203435.jpg,normal
203436.jpg,bacterial_leaf_blight
203437.jpg,normal
203438.jpg,blast
203439.jpg,brown_spot
203440.jpg,blast
203441.jpg,bacterial_leaf_blight
203442.jpg,bacterial_leaf_blight
203443.jpg,blast
203444.jpg,normal
203445.jpg,bacterial_leaf_blight
203446.jpg,bacterial_leaf_blight
203447.jpg,normal
203448.jpg,brown_spot
203449.jpg,normal
203450.jpg,normal
203451.jpg,brown_spot
203452.jpg,bacterial_leaf_blight
203453.jpg,bacterial_leaf_blight
203454.jpg,bacterial_leaf_blight
203455.jpg,normal
203456.jpg,blast
203457.jpg,brown_spot
203458.jpg,blast
203459.jpg,normal
203460.jpg,normal
203461.jpg,normal
203462.jpg,bacterial_leaf_blight
203463.jpg,normal
203464.jpg,bacterial_leaf_blight
203465.jpg,bacterial_leaf_blight
203466.jpg,normal
203467.jpg,normal
203468.jpg,bacterial_leaf_blight
203469.jpg,bacterial_leaf_blight
